"x","y"
0,0
-1,-1
-2,-2
-1,-3
0,-2
1,-3
2,-2
1,-1
0,-2
-1,-3
-2,-2
-3,-3
-4,-4
-3,-3
-2,-4
-3,-5
-4,-6
-5,-5
-6,-4
-5,-5
-6,-6
-5,-7
-4,-8
-5,-9
-4,-10
-3,-9
-4,-10
-3,-11
-4,-10
-3,-9
-2,-8
-3,-7
-2,-6
-1,-7
-2,-8
-3,-9
-2,-10
-3,-9
-4,-8
-5,-7
-6,-6
-5,-7
-4,-8
-5,-7
-4,-8
-5,-7
-6,-8
-7,-9
-8,-10
-7,-9
-8,-8
-9,-7
-10,-8
-11,-9
-12,-10
-13,-9
-14,-10
-13,-9
-14,-10
-15,-9
-14,-10
-13,-11
-12,-12
-13,-13
-14,-12
-13,-11
-12,-10
-11,-9
-12,-10
-11,-11
-10,-12
-9,-11
-10,-10
-9,-11
-10,-12
-9,-11
-10,-12
-11,-13
-10,-14
-9,-13
-8,-12
-9,-11
-10,-10
-9,-11
-8,-12
-9,-13
-10,-12
-11,-11
-10,-10
-9,-9
-10,-10
-9,-9
-10,-10
-9,-11
-10,-12
-9,-13
-8,-12
-7,-11
-8,-12
-7,-11
-8,-12
-9,-11
-8,-10
-7,-11
-8,-10
-9,-11
-8,-12
-9,-13
-10,-14
-9,-13
-8,-14
-7,-15
-6,-16
-7,-15
-8,-14
-7,-13
-6,-14
-5,-13
-4,-12
-5,-11
-6,-12
-7,-11
-8,-10
-9,-9
-8,-10
-9,-11
-10,-12
-11,-13
-12,-14
-11,-15
-12,-14
-13,-13
-14,-12
-13,-13
-12,-14
-11,-13
-12,-12
-13,-11
-14,-10
-13,-11
-14,-12
-15,-11
-16,-12
-15,-13
-14,-12
-15,-13
-16,-14
-15,-13
-16,-12
-17,-11
-18,-12
-19,-11
-18,-12
-19,-13
-18,-14
-19,-13
-20,-12
-21,-11
-20,-12
-21,-11
-20,-12
-19,-11
-20,-10
-21,-11
-22,-10
-23,-11
-22,-10
-23,-9
-22,-8
-21,-9
-22,-10
-23,-11
-22,-10
-21,-9
-22,-8
-23,-7
-24,-6
-25,-7
-26,-6
-27,-5
-26,-4
-25,-5
-26,-4
-25,-5
-24,-4
-23,-3
-22,-2
-21,-1
-20,-2
-19,-1
-18,0
-19,1
-18,0
-17,1
-16,2
-17,3
-18,4
-17,3
-18,4
-19,3
-18,4
-17,5
-16,4
-15,5
-14,4
-15,3
-14,4
-13,5
-14,6
-13,7
-14,8
-15,7
-16,6
-15,5
-16,4
-15,3
-14,4
-13,5
-14,4
-15,3
-14,2
-15,3
-14,2
-13,1
-14,0
-13,1
-12,0
-11,-1
-12,-2
-11,-1
-12,-2
-13,-1
-12,0
-13,-1
-14,-2
-13,-3
-12,-2
-11,-1
-10,-2
-11,-3
-12,-4
-13,-3
-14,-4
-13,-3
-14,-4
-13,-3
-14,-2
-15,-3
-14,-2
-13,-3
-12,-4
-11,-5
-10,-4
-9,-3
-8,-4
-7,-3
-6,-2
-5,-3
-4,-4
-5,-5
-4,-4
-5,-5
-4,-6
-3,-5
-4,-6
-5,-7
-6,-6
-7,-5
-8,-6
-9,-7
-8,-8
-7,-9
-6,-8
-7,-7
-8,-8
-9,-9
-10,-10
-11,-9
-12,-10
-11,-9
-12,-10
-13,-11
-14,-10
-13,-9
-12,-8
-11,-9
-10,-10
-9,-9
-8,-8
-7,-9
-6,-10
-7,-11
-8,-10
-7,-9
-6,-10
-7,-9
-6,-8
-7,-7
-8,-6
-7,-5
-8,-4
-9,-5
-10,-6
-11,-7
-12,-6
-11,-5
-10,-4
-9,-5
-8,-6
-9,-5
-8,-6
-9,-5
-8,-4
-7,-5
-8,-4
-9,-3
-8,-2
-7,-1
-6,-2
-5,-3
-6,-4
-7,-5
-8,-6
-9,-5
-8,-6
-9,-7
-8,-8
-7,-7
-8,-6
-7,-7
-6,-6
-7,-5
-6,-6
-7,-5
-6,-4
-5,-3
-4,-2
-5,-3
-6,-4
-5,-3
-6,-4
-5,-3
-6,-2
-5,-1
-4,-2
-3,-3
-4,-4
-5,-5
-6,-6
-5,-5
-6,-6
-5,-5
-4,-4
-5,-5
-6,-4
-7,-5
-6,-4
-7,-5
-8,-6
-9,-7
-10,-8
-9,-7
-8,-8
-7,-9
-6,-10
-7,-9
-6,-8
-5,-7
-6,-6
-5,-7
-4,-8
-3,-9
-4,-8
-5,-7
-4,-6
-3,-7
-2,-6
-1,-7
-2,-6
-3,-7
-4,-6
-3,-7
-2,-8
-3,-7
-4,-8
-5,-7
-4,-6
-5,-7
-6,-8
-5,-9
-4,-8
-3,-9
-4,-10
-5,-9
-4,-8
-3,-9
-4,-10
-5,-11
-4,-10
-3,-9
-4,-10
-3,-9
-4,-8
-3,-7
-4,-8
-5,-7
-4,-6
-5,-5
-6,-6
-5,-7
-6,-6
-7,-5
-6,-4
-7,-5
-6,-6
-5,-7
-4,-8
-3,-9
-4,-8
-5,-9
-4,-10
-3,-11
-4,-10
-5,-11
-6,-12
-7,-13
-6,-14
-5,-13
-4,-12
-3,-11
-2,-10
-1,-9
0,-10
-1,-9
-2,-10
-1,-11
-2,-10
-3,-11
-4,-10
-3,-11
-4,-12
-5,-11
-6,-12
-5,-11
-6,-12
-5,-13
-4,-14
-3,-13
-2,-14
-1,-13
-2,-14
-3,-13
-2,-12
-1,-13
0,-12
-1,-11
0,-12
-1,-11
0,-12
-1,-11
0,-12
-1,-13
0,-12
-1,-13
0,-14
-1,-15
0,-14
1,-13
0,-12
1,-11
2,-10
3,-9
2,-10
3,-11
2,-12
1,-11
0,-12
-1,-11
-2,-10
-1,-11
0,-10
-1,-9
0,-8
1,-7
0,-6
1,-5
2,-6
3,-7
4,-6
3,-7
2,-8
3,-7
2,-6
1,-5
2,-4
3,-3
2,-4
1,-5
2,-6
1,-7
2,-6
1,-7
0,-6
1,-5
2,-6
1,-7
0,-6
1,-7
0,-8
-1,-9
-2,-10
-1,-11
-2,-10
-1,-9
0,-8
-1,-7
-2,-8
-3,-9
-4,-8
-5,-7
-4,-6
-3,-5
-2,-6
-3,-7
-4,-6
-5,-5
-6,-4
-7,-3
-6,-4
-7,-3
-6,-2
-7,-1
-6,0
-7,1
-6,0
-5,1
-4,0
-3,1
-4,2
-5,1
-4,0
-3,-1
-4,-2
-5,-3
-4,-4
-3,-3
-2,-2
-3,-1
-4,0
-5,-1
-4,0
-3,-1
-2,-2
-1,-3
0,-4
1,-5
0,-4
1,-5
2,-6
3,-7
4,-6
3,-7
2,-8
3,-7
2,-6
3,-5
4,-4
5,-5
6,-6
7,-5
8,-6
9,-5
8,-6
7,-5
6,-6
7,-7
8,-6
7,-7
8,-8
7,-7
6,-8
7,-7
6,-8
5,-7
4,-6
3,-7
4,-8
5,-9
6,-10
5,-9
4,-8
5,-9
6,-8
7,-9
6,-8
5,-9
4,-8
3,-7
4,-6
3,-7
4,-8
3,-7
2,-6
3,-7
2,-8
1,-7
0,-8
-1,-9
-2,-8
-3,-7
-4,-6
-5,-7
-4,-8
-3,-7
-2,-6
-3,-7
-4,-8
-5,-9
-6,-8
-7,-7
-8,-6
-9,-7
-8,-8
-9,-7
-10,-8
-11,-9
-12,-10
-11,-9
-12,-8
-11,-7
-10,-6
-9,-7
-8,-8
-9,-9
-10,-10
-9,-9
-8,-10
-7,-11
-6,-12
-7,-11
-8,-10
-9,-9
-10,-8
-11,-7
-10,-8
-9,-9
-8,-8
-7,-9
-8,-8
-9,-7
-10,-8
-11,-9
-10,-8
-9,-7
-8,-6
-7,-7
-6,-8
-5,-9
-4,-10
-5,-11
-4,-10
-3,-11
-2,-10
-3,-11
-2,-12
-1,-11
-2,-10
-1,-9
-2,-8
-1,-9
-2,-8
-3,-7
-2,-8
-3,-7
-4,-6
-5,-5
-4,-4
-5,-3
-4,-2
-3,-1
-4,0
-5,-1
-6,-2
-5,-3
-4,-4
-5,-5
-4,-4
-5,-5
-6,-4
-5,-3
-4,-4
-3,-5
-4,-4
-5,-5
-4,-4
-5,-3
-4,-4
-3,-3
-2,-2
-3,-1
-4,0
-3,1
-2,0
-1,-1
-2,-2
-1,-1
-2,-2
-3,-3
-2,-4
-3,-5
-2,-6
-3,-7
-4,-6
-5,-7
-6,-6
-5,-5
-6,-6
-5,-5
-4,-4
-3,-5
-2,-4
-3,-5
-4,-6
-5,-7
-4,-8
-5,-9
-4,-10
-5,-11
-4,-10
-3,-11
-4,-12
-3,-11
-4,-10
-5,-9
-4,-8
-5,-9
-4,-8
-5,-7
-4,-6
-3,-7
-4,-6
-3,-5
-2,-4
-3,-3
-2,-4
-3,-5
-2,-4
-1,-3
0,-2
-1,-1
-2,0
-3,1
-2,0
-3,1
-2,0
-1,1
0,2
1,1
2,2
1,3
0,2
1,3
2,4
1,5
2,6
1,7
2,6
3,5
4,6
3,5
2,4
3,5
2,6
3,5
2,4
3,3
2,4
3,3
2,2
1,3
2,2
3,3
2,2
3,1
4,2
3,3
4,2
5,3
4,4
3,5
4,6
5,7
4,8
5,7
4,8
5,9
6,8
7,9
6,8
5,9
4,8
5,9
4,8
5,9
4,10
3,11
2,10
3,9
4,10
5,9
4,10
3,11
2,12
1,13
0,14
-1,15
0,14
-1,15
0,14
-1,13
-2,12
-3,11
-2,10
-3,9
-4,8
-3,9
-4,8
-5,9
-6,10
-7,11
-6,12
-5,13
-4,14
-3,13
-4,14
-3,15
-4,14
-5,15
-6,14
-7,13
-8,12
-7,11
-8,12
-9,11
-10,12
-9,13
-10,14
-11,15
-12,14
-11,15
-12,14
-11,13
-10,12
-11,13
-10,12
-9,11
-8,10
-9,11
-10,12
-9,13
-8,14
-9,13
-8,12
-7,11
-6,10
-7,9
-8,8
-9,7
-8,6
-9,7
-10,8
-9,9
-8,8
-7,9
-6,10
-5,11
-4,12
-5,11
-6,12
-5,13
-6,14
-7,15
-6,16
-7,15
-8,14
-9,13
-10,14
-11,13
-10,14
-9,13
-8,12
-9,11
-10,10
-9,9
-10,10
-11,9
-10,8
-11,9
-10,10
-9,9
-8,8
-7,7
-6,8
-7,9
-8,8
-7,7
-6,8
-7,9
-8,8
-7,9
-6,10
-7,11
-6,10
-5,9
-4,8
-5,9
-6,10
-7,11
-8,12
-7,13
-6,14
-5,15
-4,16
-3,15
-4,14
-5,15
-4,14
-3,13
-2,14
-1,13
0,14
1,13
2,12
1,13
0,12
1,11
0,12
-1,13
0,14
1,15
2,14
3,15
2,14
3,13
4,14
3,15
2,14
1,13
2,14
1,15
0,14
1,15
0,16
-1,15
0,16
-1,17
-2,18
-3,19
-2,18
-3,17
-4,18
-5,19
-4,20
-3,21
-2,22
-3,21
-2,22
-1,23
0,24
1,25
2,24
3,23
4,24
3,23
2,24
1,23
2,24
3,23
2,24
1,25
2,24
1,25
2,24
3,25
2,26
1,27
2,26
3,25
2,24
3,23
2,24
1,25
0,26
-1,25
0,24
-1,25
-2,26
-1,25
-2,26
-1,27
-2,26
-3,27
-2,28
-1,27
0,28
-1,27
-2,26
-3,27
-2,28
-1,27
0,28
-1,29
-2,30
-3,31
-4,30
-5,29
-4,30
-3,31
-2,30
-3,31
-2,32
-3,31
-2,30
-3,31
-4,30
-3,31
-2,32
-1,31
-2,32
-1,31
-2,30
-3,31
-4,30
-3,29
-4,30
-5,29
-4,30
-5,29
-4,28
-3,29
-2,30
-1,31
-2,30
-1,29
-2,28
-3,29
-2,30
-3,31
-2,32
-3,31
-4,32
-5,33
-6,34
-5,33
-4,34
-5,35
-4,36
-5,37
-6,38
-5,39
-6,38
-5,39
-4,40
-3,39
-4,38
-3,39
-4,40
-5,41
-6,42
-7,41
-6,42
-5,41
-6,42
-7,43
-6,44
-7,45
-6,46
-5,45
-6,46
-7,47
-6,46
-5,45
-4,44
-3,43
-4,42
-3,43
-2,42
-3,41
-2,42
-3,43
-4,42
-5,41
-4,42
-5,43
-4,44
-3,43
-4,44
-3,45
-4,44
-3,45
-4,46
-3,47
-2,48
-1,49
-2,48
-1,49
0,48
-1,47
0,46
-1,45
-2,46
-3,45
-2,46
-1,45
0,46
1,45
2,46
3,45
2,44
1,45
0,44
-1,43
0,44
-1,45
-2,46
-1,45
-2,44
-1,43
-2,42
-3,43
-2,44
-1,45
-2,46
-3,47
-4,46
-3,45
-2,46
-1,45
0,46
-1,47
0,46
-1,47
0,46
-1,45
0,46
1,47
2,46
3,45
2,44
3,43
4,42
5,43
4,42
5,41
4,40
3,41
2,40
1,41
2,42
3,41
4,40
5,41
6,40
5,39
6,40
7,39
6,40
7,41
6,42
5,43
6,44
7,45
8,46
7,47
8,48
7,49
8,50
9,49
8,48
9,47
10,48
9,47
8,46
7,47
6,48
5,49
6,50
7,51
6,50
5,49
4,48
5,49
6,50
7,51
6,52
5,51
6,52
5,51
4,50
5,51
6,52
5,51
6,52
7,51
6,52
5,51
4,52
5,51
4,52
5,53
4,54
5,53
4,54
5,53
4,52
3,51
2,52
1,51
2,52
3,51
2,50
3,51
2,50
3,49
4,48
3,49
2,48
1,49
2,48
3,47
2,46
3,47
2,46
3,47
4,48
3,47
4,46
3,47
4,48
5,49
6,50
5,51
4,50
5,51
6,50
7,49
8,48
7,49
6,50
7,49
6,48
7,47
6,46
5,45
6,44
5,45
6,46
5,47
6,46
7,45
8,44
9,43
10,42
11,43
12,42
11,43
10,42
9,43
8,44
9,45
10,44
9,43
10,42
11,41
10,40
11,39
10,38
9,39
8,38
9,37
10,38
9,37
10,36
9,37
10,36
9,35
8,36
7,35
8,36
9,37
10,36
11,35
12,36
11,37
12,36
13,37
12,36
11,37
12,38
13,39
14,38
15,39
14,38
15,37
14,36
15,37
16,38
17,39
18,38
19,39
18,40
19,39
20,40
21,39
20,38
19,37
20,36
19,35
18,34
19,33
20,32
19,31
20,30
19,31
18,30
17,31
16,32
15,31
16,32
17,31
16,32
15,31
14,30
15,29
16,28
17,27
16,26
17,25
18,26
19,27
18,28
19,29
18,30
17,31
18,30
19,29
20,30
19,31
20,30
19,31
18,32
19,33
20,32
19,33
20,34
21,35
22,34
21,35
22,34
23,33
24,34
23,35
24,34
25,35
26,36
25,37
26,36
27,35
26,34
25,33
26,32
25,33
24,34
23,35
24,36
23,35
22,36
23,37
22,38
21,37
20,36
19,37
20,38
21,37
20,36
21,37
20,38
21,37
22,36
21,37
22,36
23,37
22,38
21,37
22,36
23,37
22,36
21,35
22,34
23,33
22,32
23,33
24,34
25,35
26,34
25,35
24,36
25,37
24,36
25,37
24,38
23,37
22,38
21,39
20,40
19,39
18,40
17,41
16,40
17,39
18,40
19,41
18,40
19,41
18,40
19,39
18,38
19,37
20,38
21,39
22,40
21,41
22,42
21,41
22,40
23,41
24,42
25,41
26,42
25,43
24,42
25,41
24,40
23,39
24,38
23,37
22,36
21,35
20,34
21,35
22,34
21,33
22,34
21,33
22,32
23,33
24,32
25,31
24,30
25,31
26,32
27,31
26,30
25,29
26,28
25,29
24,30
23,31
22,32
23,33
22,34
21,33
22,32
21,31
22,32
21,31
22,32
23,31
22,32
23,31
24,30
23,29
22,28
21,27
20,28
21,27
22,28
21,29
20,30
21,29
20,28
19,29
18,30
19,31
18,32
19,31
18,32
19,33
20,32
19,31
20,30
19,31
20,30
19,31
18,30
17,29
16,28
15,27
16,26
17,27
16,28
17,29
16,28
15,29
14,30
13,31
12,32
13,33
14,32
15,33
16,32
17,31
18,32
17,33
18,34
17,33
16,32
17,33
16,32
17,31
16,30
15,29
16,28
15,29
14,30
13,31
12,30
11,29
12,30
11,29
10,28
9,27
10,26
9,25
10,26
11,27
10,28
9,29
8,28
9,27
10,26
11,27
12,26
13,27
14,28
13,27
12,28
11,29
12,30
11,31
12,30
13,31
12,30
11,29
10,30
9,29
10,28
11,27
10,26
9,25
8,26
7,25
6,24
5,23
6,24
5,23
6,24
5,23
6,22
7,21
8,20
7,21
8,20
9,19
10,18
11,17
10,16
9,17
10,16
11,15
12,16
13,15
12,14
13,13
12,14
13,15
12,14
11,15
12,16
13,15
14,16
15,17
16,18
17,17
16,16
15,15
14,14
13,15
12,16
13,15
14,16
15,17
14,18
13,19
12,18
11,19
10,20
11,19
12,20
13,19
14,20
15,21
14,22
15,23
14,22
15,21
16,22
15,21
16,20
15,21
14,22
13,21
14,22
15,21
16,20
17,21
16,20
15,21
14,22
15,21
14,20
13,21
12,20
13,19
12,20
11,21
10,22
11,23
10,22
11,23
10,22
11,21
10,20
11,19
12,18
13,19
12,20
13,21
12,22
13,23
12,22
13,23
12,24
13,25
14,26
13,25
14,26
15,27
14,26
13,25
12,24
13,25
14,24
15,23
16,24
15,25
16,24
15,23
14,22
15,23
16,24
15,23
16,22
15,23
16,24
15,23
16,22
15,23
14,24
13,23
14,22
13,21
12,22
13,23
14,24
15,25
16,24
17,23
16,22
15,21
16,22
15,21
16,20
17,19
18,18
19,19
18,18
17,19
18,18
17,19
18,20
19,21
20,22
19,23
20,24
21,23
20,22
21,23
20,22
21,23
22,24
21,23
22,24
23,23
22,24
21,25
22,26
23,25
24,26
25,25
24,26
23,25
22,24
21,23
20,24
19,23
20,24
19,25
18,24
17,25
16,24
17,23
18,22
17,21
18,20
19,19
20,18
21,17
22,16
21,17
20,16
19,15
18,16
19,15
20,16
19,17
20,16
19,17
20,16
21,17
22,18
23,19
22,18
23,19
24,20
25,19
24,20
23,21
24,20
25,19
24,20
25,21
24,22
23,21
24,22
23,21
22,22
21,21
20,22
19,23
20,24
19,25
20,24
21,23
22,22
23,21
24,20
23,21
22,20
21,19
22,18
23,19
22,18
23,17
24,16
23,17
22,18
23,17
24,16
25,17
24,18
25,17
26,18
25,19
26,18
27,19
26,20
27,19
28,20
29,19
28,20
27,19
28,18
27,17
28,18
27,17
28,18
29,19
28,18
29,17
30,16
29,15
30,14
29,13
30,12
29,13
28,12
29,11
30,10
29,11
28,10
29,9
30,10
31,9
32,10
31,11
30,12
29,11
30,12
31,13
32,12
31,13
30,14
29,15
30,14
31,15
30,14
31,15
30,14
29,15
28,14
27,15
28,14
29,15
30,14
31,15
30,16
29,17
30,18
31,19
30,18
31,17
32,16
31,17
32,18
31,19
30,18
31,19
30,20
29,19
28,18
27,17
28,18
27,17
28,16
27,15
28,14
29,15
28,16
27,17
26,16
27,15
26,14
25,15
26,16
27,15
28,16
29,15
30,16
31,17
32,18
33,17
32,18
33,19
32,18
33,17
34,18
33,17
34,16
35,15
34,16
35,15
36,16
37,17
36,16
37,15
38,16
39,15
38,14
39,13
40,12
41,13
40,12
39,13
38,14
39,15
38,14
39,13
38,14
37,13
38,14
37,13
36,12
37,13
36,14
35,13
36,14
35,13
34,12
33,13
32,14
33,15
34,16
33,15
32,16
31,15
30,14
31,13
32,14
31,13
30,12
29,13
30,12
31,13
30,12
29,13
28,14
29,13
28,12
29,13
30,14
31,15
30,16
31,17
30,18
29,17
28,16
27,17
28,16
29,17
28,16
27,17
26,18
27,19
26,20
25,21
24,22
23,23
22,24
21,23
20,24
21,23
20,24
21,25
22,24
23,23
24,24
25,23
24,24
23,25
22,26
21,25
22,24
21,25
20,24
21,23
20,24
21,25
22,26
21,27
20,26
19,25
18,24
17,23
16,22
17,23
16,24
15,25
16,24
15,25
14,24
15,23
16,22
15,21
14,22
15,21
14,20
13,19
14,18
13,19
14,20
13,21
12,20
11,19
12,18
13,19
14,20
15,19
14,20
15,21
16,20
15,21
16,22
15,21
14,22
13,21
12,22
11,23
12,24
13,25
14,24
13,25
14,26
13,25
12,26
13,25
12,24
11,23
12,22
13,21
14,20
13,19
14,20
15,19
14,18
13,17
14,18
15,17
14,18
15,19
14,20
13,19
14,18
13,19
14,20
13,21
12,20
13,21
14,20
13,21
12,20
13,21
14,22
15,21
16,20
15,19
16,20
17,19
16,18
15,17
14,16
15,15
16,14
17,15
18,16
17,17
16,18
17,17
16,18
15,17
16,16
15,17
14,16
13,15
14,14
13,15
12,16
11,17
12,18
13,17
14,18
13,19
12,20
11,21
12,22
11,21
12,20
11,21
10,22
11,21
12,20
13,19
12,20
11,19
12,18
13,17
12,18
13,17
12,16
11,17
12,16
13,17
14,16
13,15
12,14
13,13
12,12
13,11
12,12
13,11
14,10
15,9
16,8
15,9
16,8
15,9
14,8
15,7
16,8
15,7
16,6
15,5
14,4
13,5
14,4
13,3
12,2
11,3
12,4
11,3
12,4
13,5
14,6
15,5
14,4
13,3
14,2
13,3
14,4
13,3
14,4
15,3
16,4
17,3
18,2
19,1
20,0
21,1
22,0
23,1
22,2
23,3
24,4
23,5
22,6
23,7
24,6
23,7
22,6
23,5
22,6
21,5
20,6
21,7
22,6
23,5
22,6
21,5
22,6
21,5
20,4
21,5
20,6
19,5
18,4
19,3
18,4
17,3
18,4
19,5
20,6
21,7
22,6
23,7
24,8
25,7
24,6
25,7
24,6
23,5
22,4
23,3
22,2
23,3
24,4
23,5
24,6
23,7
22,6
23,7
22,8
21,7
22,6
21,7
22,6
21,7
20,8
19,7
18,8
19,7
18,6
17,7
16,6
17,5
16,4
17,3
18,2
19,1
18,2
17,3
16,2
15,1
16,2
17,3
18,2
17,3
16,2
17,1
16,2
17,3
16,4
15,3
16,4
17,3
18,4
17,3
18,2
17,3
16,2
15,3
14,4
15,5
14,4
15,3
14,4
15,3
16,2
15,3
16,4
15,3
16,4
15,3
14,2
15,3
16,4
17,3
18,4
19,3
20,4
19,5
18,6
17,7
16,6
15,7
14,6
15,5
16,4
15,3
16,2
15,1
14,2
15,1
16,2
17,3
16,2
15,1
14,2
15,1
14,2
15,3
14,4
15,3
16,2
15,1
16,2
15,3
16,2
17,3
18,4
19,3
18,2
17,1
16,0
15,-1
16,0
17,-1
18,-2
19,-3
18,-2
19,-3
20,-2
19,-1
20,0
19,1
20,2
19,3
20,4
21,5
20,4
19,3
18,4
19,3
20,2
21,3
20,4
21,5
22,4
21,3
22,2
23,3
24,4
25,5
24,4
23,3
22,2
23,3
24,4
25,3
26,4
27,3
28,2
27,3
28,4
27,3
26,4
25,3
26,2
27,3
26,2
25,1
26,0
25,1
24,2
25,1
26,0
25,1
26,0
27,1
26,2
25,3
26,2
25,1
26,0
25,-1
26,-2
27,-1
28,-2
27,-3
26,-2
27,-1
28,0
29,1
28,0
29,1
28,2
29,3
30,2
31,1
30,0
31,1
30,0
31,-1
30,0
31,1
30,2
31,3
30,4
29,5
30,4
29,5
28,4
27,5
26,4
27,5
28,4
29,5
30,6
31,5
30,6
29,7
30,8
31,9
32,8
31,9
30,8
29,9
30,8
31,9
30,8
29,9
30,10
31,11
32,12
31,11
32,12
31,13
32,14
31,15
30,16
31,17
30,18
31,17
32,16
33,17
32,16
33,15
32,16
33,15
32,16
31,15
30,14
29,15
28,16
29,17
28,16
27,17
26,18
27,19
26,20
25,21
24,22
25,23
26,24
25,23
26,22
25,21
26,20
25,21
24,20
23,19
24,18
25,17
24,18
23,19
24,20
25,21
26,20
27,19
28,20
29,19
30,18
29,19
30,18
31,19
30,20
31,21
30,20
29,19
28,20
27,19
26,18
27,19
26,18
25,17
26,18
25,17
24,16
23,15
24,16
23,15
22,16
23,17
22,16
23,17
24,18
23,17
24,18
25,19
26,18
25,19
24,20
25,19
26,18
27,17
26,16
25,17
24,18
23,17
24,18
25,17
24,16
25,15
26,16
27,17
26,16
27,17
26,16
25,15
24,16
25,17
26,18
25,17
24,16
23,15
22,14
21,13
22,12
23,11
22,12
23,13
24,14
25,15
26,14
25,13
24,12
23,13
24,14
25,15
24,14
25,13
24,12
23,11
22,10
23,9
22,10
23,11
22,10
21,11
22,12
23,13
24,14
25,15
26,14
27,15
28,16
27,17
26,16
27,17
28,16
29,15
30,14
29,15
28,16
29,15
30,14
29,15
28,14
27,13
28,12
29,11
30,10
31,9
30,8
31,9
30,10
31,11
32,10
31,11
30,10
29,9
28,8
29,7
28,8
27,9
28,8
29,7
28,8
27,7
26,6
27,5
28,4
27,3
28,2
29,3
28,2
27,3
28,2
27,1
26,0
27,1
28,0
27,1
28,0
27,-1
26,-2
27,-3
28,-2
29,-3
30,-4
31,-3
32,-2
33,-1
32,-2
31,-1
30,0
29,1
30,2
31,3
32,2
33,3
32,2
31,3
30,2
29,1
28,2
27,1
28,2
27,1
26,0
25,-1
24,-2
25,-1
24,0
23,-1
24,-2
25,-3
24,-4
25,-5
26,-6
25,-5
26,-4
27,-5
28,-4
27,-3
26,-2
27,-1
28,-2
29,-3
30,-2
29,-3
30,-2
29,-3
30,-2
31,-1
30,0
29,-1
30,-2
31,-1
30,-2
29,-1
30,0
29,1
28,0
27,1
26,0
25,-1
26,0
27,-1
28,0
27,1
26,2
27,1
26,0
27,1
26,0
25,1
26,0
27,1
28,2
27,3
26,4
25,3
26,4
27,3
26,2
27,3
28,2
27,1
28,0
29,-1
28,-2
27,-3
28,-2
29,-3
30,-2
29,-1
28,-2
27,-1
28,-2
27,-1
28,0
27,-1
26,0
25,1
24,0
23,1
24,0
23,-1
22,-2
21,-1
22,0
23,-1
24,0
23,1
22,2
23,3
24,2
25,3
24,4
25,3
26,4
27,3
26,2
25,1
26,2
27,1
26,0
25,1
26,0
27,-1
28,-2
29,-3
28,-4
27,-3
28,-2
27,-3
28,-2
27,-3
28,-4
27,-5
26,-6
25,-5
26,-6
25,-5
26,-6
25,-5
26,-6
27,-5
26,-4
27,-5
26,-6
27,-7
26,-8
25,-9
24,-8
23,-7
22,-8
23,-7
24,-8
25,-9
26,-8
27,-9
26,-10
25,-11
26,-10
25,-11
26,-10
25,-9
24,-10
23,-11
22,-10
23,-9
22,-10
21,-9
20,-8
19,-9
20,-10
21,-11
20,-12
21,-11
20,-10
21,-9
20,-10
19,-9
18,-10
17,-9
16,-10
15,-9
14,-8
15,-9
16,-8
17,-9
16,-8
17,-7
18,-6
17,-7
16,-6
17,-5
18,-4
17,-5
18,-4
17,-5
16,-4
17,-5
18,-4
17,-3
16,-4
17,-3
18,-2
19,-3
18,-4
19,-5
18,-6
17,-5
16,-6
17,-7
16,-6
17,-5
16,-4
15,-5
16,-6
15,-5
16,-6
15,-5
14,-4
13,-5
12,-6
13,-5
12,-6
13,-7
14,-6
15,-5
16,-6
17,-7
16,-8
15,-7
14,-6
15,-7
16,-8
15,-9
16,-8
17,-9
18,-10
17,-11
18,-12
19,-11
18,-12
17,-13
18,-14
17,-15
18,-16
19,-15
20,-14
21,-15
22,-16
21,-17
22,-16
23,-15
24,-14
25,-13
26,-14
25,-13
24,-12
25,-11
24,-12
23,-13
22,-14
21,-15
20,-14
21,-15
20,-14
21,-15
22,-14
23,-13
22,-14
23,-13
24,-14
25,-13
26,-14
25,-15
24,-16
23,-17
22,-18
21,-19
20,-18
21,-19
20,-20
19,-21
18,-20
19,-21
18,-20
19,-21
18,-20
17,-19
18,-20
17,-19
16,-18
15,-19
16,-18
17,-19
16,-18
15,-19
16,-20
15,-21
16,-22
17,-23
18,-22
19,-21
20,-22
19,-21
18,-20
19,-21
20,-20
19,-21
18,-20
17,-21
16,-22
17,-23
18,-24
19,-23
18,-24
19,-25
18,-26
19,-27
20,-28
19,-27
18,-26
19,-25
20,-26
21,-25
20,-26
19,-27
20,-28
21,-27
22,-28
21,-29
20,-30
21,-31
20,-32
19,-31
20,-32
19,-31
18,-32
17,-33
18,-32
19,-33
20,-32
19,-33
20,-32
21,-31
22,-30
21,-31
22,-30
23,-29
24,-30
25,-29
24,-28
23,-29
22,-28
23,-27
22,-26
23,-25
24,-24
25,-23
24,-22
23,-23
24,-22
23,-21
22,-20
23,-19
24,-20
23,-21
22,-20
23,-19
22,-20
21,-19
20,-18
19,-17
18,-18
19,-17
18,-18
19,-19
18,-20
17,-19
16,-18
17,-19
18,-20
19,-21
18,-20
19,-21
20,-22
21,-23
20,-24
19,-25
20,-26
21,-27
20,-26
19,-25
20,-24
21,-25
22,-24
21,-23
20,-24
19,-25
18,-24
19,-23
20,-24
21,-23
22,-22
21,-23
20,-24
21,-23
22,-22
23,-21
24,-20
23,-19
22,-20
21,-19
20,-20
19,-19
20,-20
19,-21
18,-20
17,-21
16,-20
15,-21
14,-22
13,-21
12,-20
11,-21
12,-20
13,-19
12,-18
13,-19
12,-20
13,-21
12,-20
13,-21
12,-22
11,-21
12,-22
11,-23
10,-22
9,-21
8,-22
7,-23
8,-24
7,-23
8,-22
7,-21
6,-22
7,-23
6,-22
7,-23
6,-24
7,-23
8,-22
7,-21
8,-20
9,-19
8,-18
9,-19
10,-20
11,-19
10,-20
9,-19
10,-18
9,-19
8,-20
7,-19
8,-18
7,-19
6,-18
7,-17
8,-18
7,-17
6,-18
5,-17
4,-16
5,-17
6,-16
7,-15
8,-16
9,-17
8,-16
9,-17
10,-18
11,-19
10,-20
11,-19
10,-18
9,-17
10,-16
11,-15
10,-16
9,-17
10,-16
11,-15
10,-14
9,-13
10,-12
11,-11
12,-10
13,-9
12,-10
11,-11
12,-12
11,-11
12,-12
11,-11
12,-12
11,-11
12,-10
13,-11
14,-10
15,-9
16,-10
17,-11
18,-12
17,-13
16,-14
15,-13
16,-12
15,-11
16,-10
17,-9
18,-8
19,-7
18,-8
19,-9
18,-8
17,-7
18,-8
17,-7
16,-6
15,-5
14,-4
13,-5
14,-4
15,-3
16,-2
15,-3
16,-4
17,-3
18,-2
17,-1
16,-2
15,-1
16,0
17,1
16,2
15,3
14,4
13,3
12,2
11,3
10,2
9,3
8,2
7,3
8,2
9,3
10,2
11,1
10,2
9,3
8,2
7,1
8,0
7,1
6,0
5,-1
6,0
7,1
6,0
7,-1
8,-2
7,-3
8,-2
9,-3
8,-2
7,-1
8,-2
9,-1
8,-2
7,-3
8,-4
9,-3
10,-2
9,-1
10,0
11,-1
10,0
11,-1
10,-2
11,-3
10,-2
11,-1
10,0
9,-1
8,-2
7,-3
6,-2
5,-1
4,0
3,-1
4,0
3,1
4,0
5,1
6,0
7,-1
8,-2
9,-1
8,0
7,-1
8,-2
7,-1
8,-2
7,-3
8,-2
7,-3
6,-2
7,-3
6,-2
7,-3
8,-2
9,-1
8,-2
7,-1
8,0
9,1
10,0
11,-1
12,-2
11,-3
10,-2
9,-3
8,-4
9,-5
10,-4
9,-3
10,-4
11,-5
12,-4
13,-3
12,-4
11,-3
12,-4
13,-3
12,-2
11,-3
12,-4
11,-3
12,-2
11,-3
12,-2
11,-3
12,-4
11,-5
10,-6
9,-7
10,-8
9,-9
10,-8
11,-7
12,-6
13,-5
14,-4
15,-3
14,-4
13,-5
12,-6
13,-5
14,-6
13,-7
14,-6
13,-5
12,-6
13,-7
14,-6
15,-7
16,-8
17,-9
16,-8
17,-7
18,-6
17,-7
18,-6
17,-5
18,-4
17,-5
18,-6
19,-5
18,-6
17,-7
18,-8
17,-7
18,-6
17,-5
16,-4
17,-5
18,-4
17,-3
18,-2
19,-3
18,-4
17,-5
16,-4
15,-3
14,-4
13,-3
12,-2
13,-1
14,-2
15,-1
16,0
17,-1
18,-2
17,-3
16,-2
15,-1
16,0
15,-1
16,0
17,1
18,0
17,1
16,0
17,-1
18,0
19,1
20,0
19,-1
20,0
21,-1
20,0
19,1
20,2
21,1
22,2
21,1
20,2
19,1
18,0
17,1
18,0
19,-1
18,-2
17,-3
18,-2
17,-3
18,-4
19,-5
20,-6
19,-5
20,-6
19,-5
18,-6
19,-5
18,-4
17,-5
18,-4
19,-5
18,-4
17,-5
16,-4
15,-3
14,-2
15,-1
16,-2
17,-1
18,-2
19,-1
20,-2
19,-3
18,-2
19,-3
20,-2
21,-1
20,0
19,1
20,0
21,-1
20,-2
21,-1
22,-2
23,-3
24,-2
25,-1
26,-2
25,-1
26,-2
27,-1
26,0
27,1
26,2
27,1
28,2
29,1
30,0
29,-1
30,-2
31,-3
30,-4
29,-3
28,-4
27,-5
28,-4
27,-3
26,-4
25,-5
24,-6
25,-7
26,-8
25,-7
24,-8
25,-9
26,-8
25,-7
26,-6
25,-7
24,-6
23,-7
22,-6
21,-7
20,-8
19,-9
20,-8
21,-9
20,-10
19,-9
18,-8
17,-9
16,-8
17,-7
18,-6
17,-7
16,-8
15,-9
16,-10
15,-9
14,-10
13,-11
12,-10
11,-11
12,-10
11,-11
12,-12
11,-11
10,-12
11,-11
12,-10
11,-11
10,-12
9,-11
10,-10
11,-11
10,-10
11,-9
12,-10
11,-9
10,-10
11,-9
10,-8
11,-9
10,-8
11,-9
12,-10
13,-9
12,-8
11,-9
10,-8
9,-9
10,-10
9,-9
8,-10
9,-11
8,-12
7,-13
6,-12
7,-11
6,-10
7,-9
6,-10
5,-11
4,-12
3,-11
4,-12
5,-11
6,-12
5,-11
6,-12
7,-13
6,-12
5,-13
4,-12
3,-11
2,-12
3,-11
2,-10
1,-9
0,-8
1,-9
0,-10
-1,-11
-2,-10
-3,-11
-2,-10
-1,-9
0,-10
-1,-9
0,-8
-1,-9
-2,-10
-3,-9
-4,-10
-5,-11
-4,-10
-3,-11
-2,-12
-1,-11
0,-10
-1,-11
0,-12
1,-13
0,-14
1,-13
0,-14
1,-15
0,-14
1,-15
0,-16
-1,-15
-2,-14
-1,-13
0,-14
-1,-13
-2,-14
-1,-13
0,-14
-1,-15
-2,-16
-1,-17
0,-16
-1,-15
-2,-14
-1,-15
0,-14
1,-13
0,-12
1,-11
0,-10
1,-11
2,-12
1,-11
2,-10
3,-11
4,-12
3,-13
2,-14
1,-15
0,-16
1,-15
0,-16
-1,-15
-2,-16
-1,-15
-2,-16
-1,-17
-2,-16
-1,-17
0,-18
-1,-17
-2,-16
-3,-17
-4,-16
-3,-15
-2,-14
-3,-15
-4,-16
-5,-15
-6,-16
-5,-17
-6,-16
-7,-15
-6,-14
-5,-13
-6,-14
-5,-15
-6,-16
-7,-15
-8,-16
-9,-17
-8,-16
-9,-17
-10,-18
-11,-19
-10,-18
-9,-19
-8,-20
-9,-21
-8,-22
-9,-23
-10,-24
-11,-25
-10,-26
-9,-25
-10,-26
-9,-27
-10,-26
-11,-25
-10,-24
-9,-25
-8,-24
-7,-25
-8,-24
-9,-23
-10,-22
-11,-23
-12,-24
-11,-23
-10,-22
-9,-21
-8,-20
-9,-19
-8,-18
-7,-17
-8,-18
-9,-17
-10,-18
-11,-19
-10,-20
-11,-19
-10,-18
-9,-19
-10,-18
-11,-19
-10,-20
-9,-19
-8,-20
-7,-21
-8,-20
-9,-19
-8,-18
-7,-17
-8,-18
-7,-19
-8,-20
-7,-19
-6,-20
-5,-19
-4,-18
-3,-19
-4,-20
-3,-19
-2,-18
-1,-17
-2,-18
-1,-19
0,-18
1,-19
0,-20
1,-19
0,-20
-1,-19
0,-18
1,-17
2,-18
1,-17
2,-16
1,-15
2,-16
3,-17
2,-16
3,-17
4,-18
3,-17
2,-16
1,-15
2,-16
1,-15
0,-16
1,-15
2,-16
1,-15
0,-14
-1,-13
-2,-12
-3,-13
-4,-12
-5,-11
-4,-12
-5,-11
-4,-12
-3,-11
-4,-10
-3,-11
-4,-10
-5,-11
-6,-12
-7,-11
-6,-10
-5,-9
-6,-10
-5,-11
-6,-12
-7,-11
-6,-10
-7,-9
-6,-8
-5,-9
-4,-10
-3,-11
-2,-10
-3,-11
-2,-12
-3,-13
-2,-14
-3,-15
-2,-14
-1,-15
-2,-14
-3,-13
-2,-14
-1,-15
-2,-14
-1,-15
-2,-16
-3,-15
-2,-16
-3,-17
-2,-16
-1,-15
-2,-14
-3,-15
-2,-16
-3,-17
-2,-18
-1,-17
-2,-16
-1,-17
-2,-18
-1,-17
-2,-18
-1,-19
0,-18
-1,-19
-2,-20
-3,-21
-2,-20
-1,-19
0,-20
1,-19
0,-20
-1,-19
-2,-18
-3,-17
-4,-16
-3,-17
-4,-16
-5,-15
-4,-14
-5,-13
-4,-14
-3,-15
-4,-14
-3,-13
-4,-12
-3,-13
-2,-14
-3,-15
-2,-14
-1,-13
0,-14
1,-13
2,-12
1,-11
0,-12
-1,-13
0,-14
1,-15
2,-14
1,-13
0,-12
-1,-11
0,-12
1,-13
0,-12
-1,-13
-2,-12
-1,-11
0,-12
1,-11
2,-10
3,-11
2,-12
3,-13
2,-14
1,-13
0,-12
1,-11
0,-12
-1,-11
0,-10
1,-11
0,-12
1,-13
0,-12
1,-11
0,-12
-1,-13
-2,-14
-1,-15
0,-16
1,-15
0,-14
1,-13
2,-12
3,-13
2,-14
3,-15
4,-16
5,-17
6,-18
5,-19
6,-18
5,-19
6,-20
7,-21
6,-22
5,-21
4,-22
5,-23
4,-22
5,-23
4,-22
3,-23
2,-24
1,-25
2,-26
3,-27
4,-26
5,-27
4,-26
3,-25
2,-26
1,-27
2,-26
3,-27
4,-28
3,-29
4,-30
5,-29
4,-28
5,-29
6,-30
7,-31
8,-30
7,-31
8,-32
9,-31
10,-30
9,-31
10,-30
11,-29
12,-28
13,-29
12,-28
13,-29
12,-30
11,-31
10,-30
9,-31
10,-32
11,-33
10,-34
11,-35
10,-36
9,-35
8,-36
9,-37
10,-36
9,-37
10,-36
9,-35
10,-34
9,-33
8,-32
7,-31
8,-30
9,-29
8,-30
9,-29
8,-30
7,-31
8,-32
7,-31
6,-32
5,-33
4,-32
5,-31
6,-30
7,-29
8,-30
9,-29
10,-28
11,-29
12,-30
13,-29
12,-28
13,-29
14,-28
15,-27
14,-26
15,-27
14,-26
15,-25
14,-24
15,-25
14,-26
13,-27
14,-26
13,-27
14,-28
13,-27
12,-26
13,-27
12,-26
13,-25
12,-26
11,-25
12,-24
13,-23
12,-22
13,-23
12,-22
13,-23
12,-24
11,-25
12,-26
11,-25
12,-24
13,-23
14,-24
15,-23
16,-22
15,-21
14,-20
13,-21
14,-22
15,-21
16,-22
15,-23
16,-22
15,-21
14,-22
15,-21
16,-20
15,-19
14,-20
13,-19
12,-18
13,-17
14,-18
15,-19
14,-20
13,-21
14,-20
15,-19
16,-18
17,-17
18,-16
17,-17
18,-18
19,-19
18,-18
17,-17
16,-18
15,-19
16,-20
17,-19
18,-18
17,-17
16,-18
17,-19
16,-18
15,-17
14,-16
13,-15
14,-16
15,-15
14,-14
13,-13
12,-14
11,-13
12,-14
11,-15
10,-16
9,-17
8,-18
7,-19
8,-18
7,-17
8,-16
7,-15
8,-14
9,-15
10,-14
11,-13
12,-12
13,-11
14,-12
15,-11
14,-12
15,-13
14,-12
15,-13
14,-14
13,-13
14,-12
13,-11
12,-12
11,-11
12,-12
11,-13
10,-12
9,-11
8,-12
9,-11
8,-12
7,-11
8,-10
9,-9
10,-8
9,-9
8,-8
9,-9
8,-8
9,-9
10,-10
11,-9
12,-10
13,-9
12,-8
13,-9
14,-8
15,-9
16,-8
15,-7
16,-6
17,-5
18,-4
17,-3
16,-2
15,-1
16,0
15,1
16,0
15,-1
14,-2
13,-3
12,-4
13,-3
14,-4
13,-5
14,-4
13,-5
12,-4
11,-3
10,-4
11,-5
12,-6
13,-5
12,-4
11,-5
12,-4
11,-5
10,-4
11,-5
10,-4
11,-3
12,-4
13,-5
12,-4
13,-5
14,-6
13,-5
14,-4
15,-5
14,-6
13,-5
14,-6
15,-5
16,-6
17,-5
16,-6
17,-5
18,-4
17,-5
16,-4
15,-5
14,-6
15,-7
16,-6
17,-7
16,-6
15,-7
14,-6
15,-7
14,-6
13,-7
14,-6
15,-5
16,-4
15,-5
14,-4
15,-5
16,-4
15,-5
14,-4
13,-3
14,-2
13,-3
14,-4
13,-3
14,-4
15,-3
14,-4
13,-5
12,-4
11,-3
12,-2
13,-3
12,-2
13,-3
12,-2
11,-1
10,0
9,-1
10,0
9,-1
10,0
9,-1
8,-2
9,-1
10,0
9,1
10,0
11,1
12,0
13,-1
14,0
15,-1
14,-2
15,-1
14,-2
13,-3
12,-4
11,-5
12,-4
13,-5
12,-4
11,-5
12,-4
13,-3
14,-2
15,-1
16,-2
15,-3
16,-4
15,-3
14,-4
15,-5
16,-6
17,-5
18,-4
19,-3
18,-2
19,-3
18,-4
19,-3
20,-4
19,-5
20,-4
19,-5
18,-6
19,-7
20,-6
19,-7
20,-6
19,-5
18,-4
17,-5
18,-4
19,-5
18,-4
19,-3
18,-2
17,-1
18,0
19,-1
20,-2
21,-3
20,-4
19,-3
20,-2
21,-1
22,0
21,-1
22,0
21,1
22,0
23,1
24,2
23,1
22,2
23,1
24,2
25,3
24,2
23,1
22,0
23,1
22,0
23,-1
24,0
23,-1
24,-2
23,-1
24,-2
25,-1
24,-2
25,-3
24,-4
23,-5
22,-6
21,-7
22,-6
21,-7
22,-8
23,-7
22,-6
21,-5
20,-6
19,-5
20,-4
21,-3
22,-4
21,-5
20,-6
21,-5
22,-6
21,-5
22,-4
23,-3
24,-4
25,-5
24,-4
23,-3
24,-4
25,-3
24,-4
25,-3
26,-2
25,-3
24,-2
25,-1
26,-2
25,-3
26,-4
25,-5
24,-6
23,-7
22,-6
23,-5
22,-4
21,-5
22,-4
23,-5
22,-4
21,-5
22,-6
23,-7
24,-8
25,-7
26,-6
25,-7
26,-8
27,-9
26,-8
25,-7
26,-8
25,-9
24,-10
23,-11
22,-12
23,-13
24,-12
25,-11
24,-12
23,-13
24,-14
25,-13
24,-12
23,-13
24,-12
23,-11
22,-10
21,-11
20,-10
21,-11
22,-12
21,-11
20,-10
21,-11
22,-12
21,-13
22,-12
23,-11
24,-12
25,-11
26,-12
25,-11
24,-10
23,-9
24,-8
23,-7
22,-6
23,-7
22,-8
21,-7
22,-6
21,-7
22,-6
23,-5
22,-6
23,-7
24,-6
23,-5
24,-4
25,-3
26,-2
25,-3
26,-2
27,-3
26,-4
27,-3
28,-2
27,-3
28,-4
29,-5
30,-6
29,-5
28,-6
27,-7
28,-6
27,-7
26,-8
25,-7
24,-8
23,-7
22,-8
23,-9
24,-8
25,-9
26,-8
27,-9
26,-8
27,-9
28,-10
29,-11
30,-12
29,-13
30,-12
29,-13
30,-14
31,-13
32,-14
33,-13
32,-12
33,-11
34,-10
35,-9
36,-10
37,-9
38,-10
37,-9
36,-8
37,-7
38,-6
37,-5
38,-6
39,-5
38,-6
39,-5
40,-4
41,-3
42,-2
41,-3
42,-4
43,-5
44,-4
43,-3
44,-4
43,-5
44,-4
43,-5
42,-4
43,-3
44,-4
45,-3
44,-4
45,-5
46,-4
45,-3
44,-2
43,-1
44,0
45,-1
46,0
47,-1
48,-2
49,-3
48,-4
47,-5
48,-4
47,-3
48,-4
49,-5
48,-6
47,-5
48,-4
49,-5
48,-4
49,-5
50,-6
49,-7
48,-8
47,-9
46,-8
47,-7
48,-6
47,-5
46,-6
45,-7
44,-6
45,-5
44,-6
43,-5
44,-4
43,-5
42,-6
41,-7
40,-8
41,-9
40,-8
39,-9
40,-8
41,-9
40,-8
41,-9
40,-10
39,-9
38,-8
37,-7
36,-8
37,-7
36,-8
35,-9
34,-10
33,-11
34,-12
33,-13
34,-14
35,-13
36,-14
37,-15
36,-14
37,-15
36,-16
35,-17
36,-18
37,-19
36,-18
37,-17
38,-18
37,-19
38,-20
39,-21
40,-22
41,-23
40,-22
41,-21
40,-22
39,-23
40,-24
41,-25
40,-24
39,-25
40,-26
41,-25
42,-26
43,-25
42,-24
43,-25
42,-24
41,-23
40,-22
41,-23
42,-24
43,-23
42,-24
43,-23
42,-22
41,-21
42,-22
41,-23
42,-22
43,-21
44,-20
45,-19
46,-20
45,-19
46,-20
45,-19
46,-20
45,-21
44,-20
43,-19
42,-18
41,-17
42,-16
43,-17
44,-18
45,-19
44,-18
45,-19
44,-20
45,-19
46,-18
45,-19
44,-18
43,-17
44,-18
43,-17
42,-18
43,-17
44,-18
43,-17
44,-16
43,-17
44,-18
43,-17
42,-16
41,-17
42,-18
41,-17
40,-16
39,-15
40,-14
41,-15
40,-16
41,-17
42,-18
43,-17
44,-16
43,-17
44,-18
43,-19
44,-18
43,-19
42,-20
43,-19
44,-18
43,-19
42,-18
43,-19
42,-18
41,-17
40,-16
39,-15
40,-16
41,-17
42,-16
43,-17
42,-16
43,-15
44,-16
45,-17
46,-18
47,-19
48,-18
49,-17
48,-16
47,-17
46,-18
47,-17
48,-18
47,-17
46,-16
45,-15
46,-14
45,-13
46,-14
45,-15
46,-14
47,-13
46,-14
45,-15
44,-14
43,-13
44,-12
45,-11
44,-10
45,-11
46,-12
47,-13
48,-14
47,-15
48,-16
47,-17
48,-16
47,-15
46,-14
45,-13
44,-14
43,-15
42,-16
43,-17
42,-18
41,-17
40,-18
41,-19
42,-20
43,-19
42,-20
43,-19
44,-18
45,-17
44,-18
45,-19
44,-18
43,-17
44,-18
43,-17
42,-16
41,-15
42,-14
43,-15
44,-14
43,-15
42,-14
43,-15
44,-14
45,-13
44,-14
43,-13
44,-14
43,-13
42,-12
41,-11
40,-10
41,-9
42,-8
41,-9
40,-10
39,-11
38,-10
37,-9
38,-8
37,-9
38,-10
39,-9
40,-8
39,-9
40,-8
41,-9
42,-10
43,-9
44,-8
43,-9
44,-8
45,-7
46,-8
47,-7
46,-8
47,-9
46,-8
47,-9
48,-8
47,-9
46,-8
45,-9
46,-10
47,-9
46,-8
47,-7
48,-6
47,-7
48,-8
49,-7
48,-6
47,-5
46,-6
47,-5
48,-4
47,-3
46,-4
45,-3
44,-2
43,-3
42,-4
41,-5
42,-6
41,-5
42,-4
43,-5
42,-4
43,-5
44,-6
45,-5
44,-6
45,-7
46,-6
47,-7
46,-8
47,-7
48,-6
47,-5
48,-6
49,-5
50,-4
49,-3
48,-2
47,-3
46,-2
47,-3
48,-2
47,-1
48,-2
47,-3
46,-2
47,-3
46,-2
47,-3
48,-2
49,-1
48,-2
49,-1
50,0
49,-1
50,0
51,-1
52,-2
53,-1
52,-2
53,-3
54,-4
55,-5
56,-4
57,-3
56,-4
57,-5
58,-4
59,-3
58,-2
57,-1
56,0
57,1
58,0
59,-1
60,0
59,1
60,0
59,-1
58,-2
59,-1
58,-2
59,-3
58,-2
59,-1
58,0
57,-1
58,0
59,1
60,0
61,-1
62,0
61,-1
60,0
59,1
58,2
59,1
58,0
59,-1
58,-2
59,-1
58,-2
59,-1
58,0
57,1
58,2
59,3
58,4
57,5
58,6
57,5
56,6
57,7
58,6
59,5
60,4
61,3
60,4
59,5
60,4
61,3
60,2
59,1
58,0
57,-1
56,-2
55,-1
56,-2
57,-1
58,0
59,1
58,2
57,1
58,2
57,3
58,2
59,1
60,0
59,1
60,2
61,1
62,2
61,1
60,0
59,-1
58,0
59,1
60,2
61,1
62,2
61,3
60,4
61,3
62,2
61,1
60,0
59,1
58,2
57,1
58,2
57,1
56,2
55,1
54,0
53,1
52,0
51,-1
50,-2
51,-1
52,0
51,-1
50,-2
51,-1
52,-2
51,-3
50,-4
51,-3
52,-2
51,-3
50,-4
49,-5
48,-6
47,-5
46,-6
47,-7
46,-6
45,-5
46,-6
45,-7
44,-8
45,-9
46,-8
47,-9
46,-8
47,-7
48,-8
47,-7
46,-6
47,-5
46,-6
47,-7
46,-8
47,-7
48,-8
47,-9
46,-10
45,-9
44,-8
43,-7
42,-6
41,-7
42,-8
41,-7
40,-8
39,-7
38,-6
39,-7
40,-6
41,-7
42,-6
43,-5
44,-6
43,-5
44,-4
45,-3
44,-2
43,-1
42,0
41,-1
42,0
43,1
44,2
43,1
44,2
45,3
44,4
45,5
44,4
45,3
44,4
43,3
44,2
43,1
44,2
45,1
46,2
47,1
46,2
45,1
46,0
45,-1
44,0
45,-1
44,-2
45,-1
44,0
43,-1
44,0
45,1
46,2
47,3
46,4
47,3
46,2
47,3
48,4
47,3
46,4
47,3
48,2
49,3
48,4
49,5
48,4
49,3
48,2
47,1
48,2
47,1
46,0
45,1
44,0
43,-1
42,0
43,1
44,0
43,1
44,0
43,-1
42,-2
41,-3
40,-2
41,-1
42,-2
41,-1
40,-2
39,-1
38,-2
37,-1
38,-2
37,-1
36,-2
37,-1
38,-2
39,-1
38,-2
39,-1
38,0
37,-1
36,0
35,-1
34,0
33,-1
34,0
33,-1
32,0
33,-1
32,0
33,-1
32,0
31,-1
30,-2
29,-3
28,-2
27,-3
26,-4
25,-5
26,-6
25,-7
24,-8
25,-7
24,-6
25,-5
24,-6
25,-5
24,-6
25,-7
24,-6
23,-5
22,-4
21,-5
22,-4
21,-3
20,-2
21,-1
20,-2
19,-1
20,-2
21,-1
20,-2
19,-3
18,-2
17,-3
18,-2
17,-3
16,-2
15,-1
14,0
15,-1
14,0
15,1
14,0
13,-1
14,-2
15,-1
16,-2
17,-1
16,0
17,-1
18,0
19,-1
20,0
19,-1
20,0
19,1
20,2
21,3
22,4
21,3
22,4
21,3
22,4
21,5
20,6
19,7
20,6
19,7
18,8
19,9
20,8
19,9
20,8
19,7
18,8
19,9
18,8
19,9
20,10
21,11
20,12
19,13
20,12
19,13
20,12
19,13
18,12
19,13
18,14
19,13
20,14
21,13
22,14
23,15
22,14
23,13
22,14
21,15
20,16
19,15
20,14
21,13
20,14
19,15
20,16
19,15
20,14
21,13
20,14
21,15
22,16
21,17
20,16
19,17
20,16
19,15
20,16
21,17
22,16
21,15
20,16
21,17
20,16
19,17
20,18
19,19
20,18
19,19
20,20
19,19
18,20
19,21
20,20
19,19
18,20
19,21
20,20
19,19
18,18
19,19
20,18
19,19
20,20
21,21
22,22
23,21
22,22
23,23
22,24
23,23
24,22
23,23
24,24
23,23
22,22
21,23
22,24
23,25
22,24
21,25
20,26
21,27
22,28
21,29
20,30
21,29
20,30
21,31
20,30
21,29
22,30
23,31
24,30
25,31
26,30
25,29
24,30
25,29
26,28
25,29
26,30
25,29
26,28
27,27
26,26
25,27
24,26
25,27
26,28
25,27
24,26
23,27
22,28
21,27
20,28
19,29
18,28
17,29
18,30
17,31
16,32
17,33
16,34
15,33
14,32
13,33
14,32
13,33
12,34
11,35
10,34
9,33
8,34
7,35
8,36
7,35
8,36
9,37
8,36
9,37
10,38
9,39
10,40
11,39
12,38
11,39
10,38
9,37
10,38
9,39
8,38
7,37
8,36
9,35
8,36
9,37
10,36
11,35
10,34
11,35
12,36
11,35
12,34
11,35
10,36
9,35
8,34
7,33
8,32
9,31
8,32
7,31
6,32
7,31
8,30
9,31
8,30
7,31
8,30
7,29
6,30
5,29
4,28
5,27
4,26
5,27
6,28
7,29
8,28
7,29
8,30
7,29
8,28
9,29
10,30
11,29
10,28
9,27
10,28
11,27
10,28
9,27
8,28
7,27
6,28
5,29
6,30
7,29
6,28
5,27
6,26
5,27
4,28
5,29
6,30
7,31
8,32
9,31
8,32
7,33
6,32
7,31
6,32
7,31
8,32
7,31
8,30
9,29
8,30
9,29
8,30
7,29
6,28
5,27
6,26
5,25
6,26
7,25
8,24
9,25
8,26
7,27
6,26
7,25
6,24
5,23
6,22
7,21
8,22
9,21
10,22
9,21
10,22
11,21
12,22
13,21
12,22
11,21
12,22
13,21
14,22
15,23
14,24
15,25
16,26
17,25
18,24
19,23
20,22
19,23
18,24
19,23
18,22
17,23
16,22
17,23
16,24
17,23
18,22
17,23
18,24
19,23
20,24
21,25
22,24
23,25
22,26
21,27
20,26
21,25
20,26
21,25
20,24
21,25
20,26
19,27
18,28
19,29
20,28
19,27
18,26
19,27
18,28
19,29
20,28
19,29
18,30
17,29
18,28
17,29
18,28
19,29
18,30
17,29
16,30
17,31
18,30
17,31
16,30
17,29
16,30
15,31
14,32
15,33
14,32
13,31
12,30
13,31
14,32
13,33
14,32
13,31
12,32
13,31
12,32
11,33
10,34
9,35
10,36
11,35
10,36
11,37
12,38
11,37
10,38
9,37
8,36
9,37
10,36
11,35
12,36
11,37
12,38
13,39
12,40
11,39
12,40
11,39
12,40
13,41
12,42
13,43
12,44
11,45
12,44
13,45
14,44
15,43
16,44
15,45
14,46
15,45
16,44
15,45
14,46
13,47
12,48
11,47
12,46
11,45
12,44
13,43
14,44
15,45
16,44
15,45
14,44
15,43
14,44
15,43
14,42
15,41
14,42
13,43
12,44
11,43
12,42
13,41
12,42
13,43
14,44
13,43
14,44
15,45
16,44
15,45
16,44
17,43
18,44
19,45
18,46
19,47
20,46
21,45
20,44
19,45
18,44
17,43
18,44
17,45
18,44
19,45
18,46
19,45
20,44
19,43
18,44
19,45
20,46
19,47
18,46
17,47
16,48
15,47
14,46
15,47
14,48
13,47
12,48
13,49
14,50
15,49
14,48
13,47
12,48
13,47
14,46
15,45
14,46
15,45
14,46
13,47
14,48
13,49
12,50
13,49
14,50
13,49
12,48
11,47
12,46
13,45
14,44
15,43
16,44
15,45
16,44
15,43
14,44
15,45
14,46
15,45
14,44
13,45
12,44
13,45
12,44
11,45
12,46
13,47
14,46
15,45
14,46
15,45
14,46
15,47
16,48
17,47
18,46
19,47
18,48
19,47
20,48
19,49
18,50
17,51
18,52
17,53
16,52
15,53
14,52
13,53
12,54
11,55
12,56
11,55
10,56
11,57
10,56
9,55
8,56
7,55
8,54
9,53
10,54
11,55
12,54
11,53
12,54
13,53
14,54
13,55
14,54
15,55
14,56
13,57
12,56
11,55
10,54
9,55
10,56
11,55
10,56
9,55
8,54
9,55
10,54
9,55
8,54
7,55
8,56
9,55
10,54
9,53
8,52
7,53
6,54
5,53
6,54
5,53
6,54
5,53
4,54
5,55
4,56
3,55
2,54
1,55
0,56
-1,55
0,56
-1,55
-2,56
-1,57
-2,56
-3,57
-2,56
-3,57
-4,58
-3,59
-4,60
-3,59
-4,58
-3,59
-4,58
-3,57
-2,56
-3,57
-2,58
-3,59
-2,58
-1,57
-2,58
-1,59
-2,60
-1,59
-2,58
-1,57
-2,56
-1,57
0,58
-1,59
0,58
1,59
2,58
3,57
4,58
5,57
6,56
7,57
6,56
7,57
8,56
9,55
10,56
9,57
8,56
7,57
8,56
7,55
6,56
7,57
6,58
5,57
4,58
3,59
4,58
3,59
2,58
1,59
0,60
-1,59
-2,60
-1,61
0,62
1,63
2,62
3,63
2,62
3,61
2,60
3,61
4,62
3,63
2,64
1,63
0,64
1,63
2,64
3,65
4,64
3,65
2,64
3,63
4,64
3,65
4,64
3,63
2,64
1,63
0,62
1,61
0,62
1,63
2,62
3,63
2,64
3,63
2,64
1,63
2,64
3,65
4,64
5,65
6,66
7,65
6,64
5,63
6,64
5,63
6,62
5,61
6,60
7,59
6,58
7,59
8,60
7,61
6,60
5,61
6,60
5,59
6,60
7,61
8,60
9,61
8,60
9,59
10,60
9,59
10,58
11,57
10,56
9,55
10,56
11,57
10,56
9,55
10,54
11,55
10,54
9,53
10,54
9,55
10,56
11,57
10,56
9,57
8,58
7,57
8,56
9,57
10,58
9,59
10,60
9,61
10,60
9,61
8,60
9,59
10,60
11,59
12,60
11,61
10,60
9,61
10,62
9,61
10,62
9,61
8,62
9,63
10,62
11,63
10,64
11,65
12,66
11,65
12,66
13,65
12,66
13,67
12,68
11,67
12,68
13,69
14,68
15,69
16,68
15,67
16,66
17,65
16,64
15,63
16,64
15,65
16,66
15,65
16,66
15,67
14,68
13,67
14,66
13,67
14,66
13,65
12,66
11,65
12,66
13,65
12,64
13,65
12,66
13,67
14,66
15,65
14,66
13,67
14,66
13,67
12,66
11,65
12,66
11,65
12,64
11,65
10,64
9,63
10,62
9,63
8,62
9,61
10,62
11,63
12,64
11,65
12,66
13,65
12,64
11,63
10,62
9,63
10,64
11,63
10,62
9,61
10,62
9,63
8,62
7,63
8,62
7,63
6,62
5,61
4,62
3,61
4,60
5,59
6,60
7,61
8,62
7,61
6,62
5,61
4,62
3,61
2,62
3,63
4,62
5,61
6,60
7,61
6,60
7,59
8,60
7,59
6,58
5,59
6,58
7,59
8,58
7,57
6,58
7,57
6,58
7,57
6,58
5,59
6,60
5,61
4,62
3,61
4,60
5,59
6,58
7,59
6,58
7,59
6,58
5,57
4,58
5,57
4,58
5,59
6,60
5,59
6,58
5,57
4,56
3,57
2,58
3,59
2,60
1,61
2,60
1,61
0,60
1,59
0,58
1,57
0,58
1,59
0,58
-1,59
0,60
1,59
2,58
1,59
0,58
1,57
0,58
-1,57
0,56
1,55
2,56
1,57
2,56
1,55
0,56
-1,55
0,54
1,53
0,54
-1,55
-2,56
-1,57
0,56
1,57
0,56
1,57
2,56
1,57
2,56
1,57
2,56
1,55
2,54
3,53
2,52
3,53
2,54
3,53
4,52
5,51
4,52
3,51
4,52
3,53
4,54
3,53
4,52
3,53
4,52
5,51
6,52
5,53
6,52
5,51
4,52
5,51
4,52
5,53
6,52
7,51
8,52
7,51
8,50
7,51
8,52
7,53
6,52
5,53
6,52
5,51
6,50
5,49
4,48
3,47
4,46
5,47
6,46
5,47
6,46
5,47
6,48
7,49
6,48
5,47
4,46
5,47
4,46
3,47
4,48
5,47
4,46
5,47
6,46
7,47
6,46
5,47
6,46
7,47
8,48
7,47
8,46
7,45
8,46
7,47
8,48
9,47
10,48
11,49
12,48
13,47
14,46
15,47
16,46
15,45
14,44
13,43
12,44
11,43
12,44
11,43
10,44
11,43
12,44
11,45
10,44
11,45
10,46
11,45
12,46
11,47
10,46
9,47
8,48
9,47
10,48
9,47
8,48
9,49
8,48
9,49
8,50
9,51
10,50
9,51
8,50
9,51
8,52
9,53
8,54
7,53
6,52
5,53
4,52
5,51
4,50
3,51
4,52
3,51
4,50
5,51
6,50
5,51
6,52
5,53
6,54
5,55
6,54
7,55
8,54
7,55
8,56
7,57
8,56
9,55
10,54
11,55
10,56
11,55
10,56
9,57
10,58
9,57
8,56
7,55
6,54
5,55
4,54
3,53
4,52
3,53
2,52
1,51
2,52
1,51
2,52
1,53
2,52
3,51
2,52
1,53
0,54
1,53
0,54
1,55
0,56
-1,57
0,56
-1,55
-2,54
-3,55
-4,54
-5,53
-4,54
-3,55
-4,54
-5,53
-4,54
-5,55
-6,54
-5,55
-6,56
-7,55
-8,56
-9,55
-8,54
-7,55
-6,56
-7,55
-8,54
-9,55
-8,56
-7,57
-8,58
-7,59
-8,58
-7,59
-8,58
-9,57
-8,56
-9,57
-10,56
-9,57
-10,58
-9,57
-10,56
-9,57
-8,56
-9,55
-10,56
-9,55
-8,54
-7,55
-8,56
-7,57
-8,56
-9,55
-10,56
-11,57
-10,58
-9,57
-8,56
-9,57
-10,56
-9,55
-10,54
-9,53
-10,52
-9,53
-10,54
-9,53
-8,54
-9,53
-10,54
-9,53
-8,54
-9,53
-10,52
-11,53
-10,54
-11,53
-10,54
-9,53
-8,54
-7,55
-6,54
-7,55
-8,56
-7,55
-8,54
-9,55
-10,54
-11,55
-10,56
-11,57
-12,58
-11,57
-12,58
-13,57
-14,56
-13,55
-14,56
-13,57
-14,56
-15,55
-16,54
-17,53
-16,54
-17,53
-16,52
-15,53
-16,54
-15,53
-16,52
-15,51
-14,50
-13,49
-14,50
-13,49
-12,48
-13,47
-14,46
-13,45
-12,46
-11,47
-10,48
-9,47
-8,48
-9,49
-8,50
-7,51
-6,50
-5,51
-6,52
-5,51
-6,52
-7,51
-8,52
-9,51
-8,52
-9,53
-8,52
-9,51
-10,50
-11,51
-12,52
-13,53
-12,54
-13,55
-14,56
-15,57
-16,58
-17,57
-16,58
-17,59
-16,60
-15,61
-16,60
-17,59
-18,58
-17,59
-18,58
-17,57
-16,58
-15,57
-16,58
-15,57
-14,56
-13,57
-12,56
-13,55
-14,56
-13,55
-14,56
-13,57
-14,58
-13,59
-14,60
-13,59
-14,60
-15,59
-16,58
-15,59
-16,60
-17,61
-18,60
-19,59
-18,60
-17,59
-18,58
-19,59
-18,60
-17,61
-16,62
-17,63
-16,62
-17,61
-18,60
-17,61
-16,60
-17,59
-16,60
-15,61
-14,60
-13,59
-14,58
-15,59
-16,60
-17,59
-18,58
-19,59
-20,58
-21,59
-22,58
-23,59
-24,58
-25,59
-26,58
-25,57
-24,58
-23,57
-22,56
-21,57
-22,56
-21,57
-22,56
-21,57
-22,58
-21,57
-22,56
-21,55
-22,54
-23,53
-22,54
-21,53
-22,52
-21,53
-22,54
-23,53
-24,54
-25,55
-24,56
-23,55
-24,54
-25,55
-26,54
-25,53
-24,52
-25,51
-26,50
-27,51
-26,50
-27,49
-28,48
-27,47
-26,46
-27,45
-28,44
-29,43
-28,42
-29,41
-28,42
-29,41
-30,42
-29,43
-28,42
-27,43
-28,44
-27,43
-28,42
-27,41
-26,40
-27,39
-26,40
-27,39
-26,40
-27,41
-26,40
-25,39
-26,38
-25,37
-24,36
-25,37
-26,36
-27,35
-26,34
-25,35
-26,36
-25,35
-24,36
-23,35
-22,34
-23,35
-22,36
-23,35
-24,36
-25,37
-24,38
-23,37
-22,36
-23,35
-24,36
-25,35
-26,34
-25,33
-26,32
-25,31
-24,30
-25,29
-24,28
-25,29
-24,28
-23,27
-22,26
-23,27
-22,26
-23,27
-22,26
-23,25
-22,24
-21,25
-22,24
-23,23
-22,22
-23,23
-24,24
-25,25
-24,24
-25,25
-26,24
-27,23
-28,24
-27,23
-26,24
-25,25
-26,24
-25,25
-24,26
-25,27
-24,28
-25,29
-26,28
-25,29
-24,30
-25,31
-26,30
-27,29
-26,28
-27,27
-26,26
-27,27
-26,26
-27,27
-26,28
-27,27
-28,26
-27,27
-26,26
-25,25
-24,24
-25,25
-26,24
-27,23
-28,24
-27,25
-26,26
-27,27
-26,26
-27,25
-26,24
-25,23
-24,24
-23,23
-22,22
-21,21
-22,22
-23,21
-22,20
-21,19
-20,20
-19,21
-18,22
-19,21
-18,20
-17,19
-16,20
-15,19
-16,18
-17,17
-18,18
-17,19
-18,20
-17,21
-18,20
-17,21
-18,22
-19,21
-20,22
-19,23
-20,22
-19,23
-20,22
-21,21
-20,20
-19,21
-18,22
-17,23
-18,24
-17,23
-16,22
-17,21
-16,22
-15,21
-16,20
-17,21
-16,20
-17,21
-16,22
-15,21
-16,20
-15,19
-16,18
-15,19
-16,18
-17,19
-18,18
-17,17
-18,18
-19,17
-18,16
-19,15
-18,14
-17,13
-18,14
-19,13
-18,12
-19,13
-20,14
-21,13
-20,14
-19,13
-18,12
-19,13
-18,12
-17,13
-16,12
-15,13
-14,12
-13,13
-14,12
-13,11
-14,10
-13,9
-12,8
-13,9
-14,8
-13,7
-14,8
-13,9
-12,10
-13,9
-12,8
-13,9
-14,10
-13,11
-12,10
-11,9
-10,8
-9,7
-8,8
-9,7
-10,6
-11,5
-10,6
-11,5
-12,6
-13,5
-14,4
-15,5
-14,6
-13,7
-12,6
-11,7
-12,6
-11,5
-12,4
-13,5
-14,6
-13,7
-12,6
-13,5
-12,6
-13,7
-12,6
-11,7
-10,6
-11,5
-10,6
-11,5
-12,6
-13,5
-12,4
-11,5
-10,6
-9,7
-10,8
-9,7
-10,8
-9,9
-8,8
-7,9
-6,8
-7,9
-8,10
-9,9
-8,8
-7,9
-8,10
-7,9
-6,8
-7,9
-6,8
-7,9
-8,10
-7,11
-6,10
-7,11
-6,12
-7,11
-8,12
-9,13
-10,12
-9,13
-10,14
-9,13
-8,12
-9,11
-10,12
-9,11
-10,10
-11,9
-10,8
-9,7
-10,6
-9,7
-10,8
-11,7
-10,6
-9,7
-10,6
-11,5
-12,6
-13,7
-14,8
-13,7
-12,6
-11,7
-12,8
-13,9
-14,10
-15,9
-14,8
-13,9
-14,10
-13,9
-14,8
-13,7
-12,6
-13,7
-12,6
-11,5
-12,6
-13,5
-14,4
-15,3
-16,4
-17,3
-18,2
-17,3
-16,2
-15,1
-14,0
-15,-1
-16,0
-15,-1
-16,-2
-17,-3
-16,-2
-15,-3
-14,-4
-13,-3
-14,-4
-15,-5
-16,-4
-17,-5
-18,-4
-17,-5
-18,-6
-19,-5
-20,-4
-19,-5
-18,-6
-17,-7
-18,-8
-19,-7
-20,-8
-19,-9
-20,-8
-21,-7
-22,-8
-23,-7
-24,-6
-23,-5
-22,-6
-23,-7
-22,-8
-21,-7
-20,-6
-21,-5
-20,-4
-19,-5
-20,-6
-19,-7
-20,-6
-21,-5
-20,-6
-21,-7
-22,-8
-23,-7
-24,-8
-25,-9
-26,-8
-27,-9
-26,-10
-27,-9
-26,-10
-25,-11
-26,-10
-25,-11
-26,-10
-25,-11
-26,-12
-27,-11
-26,-12
-25,-11
-24,-12
-25,-13
-24,-14
-23,-15
-24,-14
-23,-13
-24,-14
-25,-15
-24,-16
-25,-15
-26,-16
-27,-17
-28,-18
-29,-19
-30,-18
-31,-19
-32,-18
-31,-19
-30,-18
-29,-17
-30,-18
-29,-19
-30,-18
-31,-17
-32,-16
-33,-15
-34,-16
-33,-15
-32,-14
-33,-13
-34,-14
-33,-15
-32,-14
-31,-13
-30,-12
-31,-11
-30,-10
-31,-11
-30,-12
-31,-13
-30,-14
-29,-15
-30,-16
-31,-15
-32,-16
-33,-17
-32,-18
-33,-19
-32,-18
-31,-19
-30,-20
-29,-21
-28,-22
-29,-21
-30,-20
-31,-19
-30,-18
-29,-19
-28,-20
-29,-19
-28,-18
-27,-17
-28,-16
-27,-17
-26,-16
-25,-15
-26,-14
-25,-13
-24,-14
-25,-15
-26,-16
-25,-17
-26,-16
-27,-17
-28,-18
-29,-19
-30,-20
-31,-19
-32,-20
-33,-19
-32,-18
-33,-19
-34,-18
-35,-17
-34,-16
-35,-17
-34,-18
-33,-19
-34,-18
-33,-19
-34,-18
-35,-19
-36,-20
-37,-21
-36,-20
-37,-21
-36,-20
-35,-21
-36,-20
-35,-21
-36,-22
-35,-21
-34,-22
-35,-23
-36,-24
-35,-23
-34,-24
-35,-25
-36,-24
-37,-25
-38,-26
-37,-25
-36,-24
-37,-25
-38,-24
-39,-25
-38,-26
-37,-27
-38,-26
-39,-27
-40,-28
-39,-27
-38,-26
-39,-25
-38,-24
-37,-25
-38,-24
-39,-23
-38,-24
-37,-25
-36,-24
-35,-25
-34,-24
-33,-23
-34,-24
-33,-23
-34,-22
-35,-23
-34,-24
-35,-23
-34,-22
-33,-21
-34,-22
-35,-23
-34,-24
-33,-23
-34,-24
-33,-25
-34,-26
-35,-27
-36,-28
-37,-29
-38,-30
-39,-31
-38,-32
-39,-31
-40,-30
-41,-31
-42,-30
-43,-31
-44,-30
-45,-31
-46,-32
-47,-31
-48,-30
-47,-31
-48,-30
-47,-29
-46,-30
-45,-31
-46,-30
-47,-31
-48,-32
-49,-31
-48,-32
-49,-31
-50,-32
-49,-33
-50,-34
-49,-35
-50,-34
-51,-33
-50,-34
-51,-35
-50,-36
-49,-37
-48,-36
-49,-35
-48,-36
-49,-37
-50,-38
-51,-37
-50,-36
-51,-35
-50,-34
-51,-33
-52,-34
-51,-33
-52,-34
-53,-33
-54,-34
-55,-33
-56,-34
-57,-35
-56,-36
-55,-37
-56,-36
-57,-35
-58,-36
-59,-35
-58,-36
-57,-35
-58,-34
-59,-33
-60,-32
-61,-33
-62,-32
-63,-33
-64,-34
-63,-35
-64,-34
-63,-33
-62,-32
-61,-33
-60,-34
-59,-35
-58,-34
-59,-35
-60,-34
-59,-35
-58,-34
-57,-35
-58,-34
-59,-35
-60,-34
-59,-33
-60,-32
-61,-33
-62,-32
-63,-31
-62,-30
-63,-31
-62,-30
-63,-31
-62,-32
-61,-31
-60,-32
-61,-31
-62,-32
-63,-31
-64,-30
-65,-29
-66,-30
-65,-29
-64,-28
-63,-29
-62,-28
-63,-29
-62,-30
-63,-31
-64,-32
-65,-31
-66,-32
-65,-31
-64,-32
-63,-33
-64,-34
-65,-33
-66,-32
-67,-31
-68,-32
-67,-33
-66,-34
-65,-35
-66,-34
-67,-35
-66,-34
-67,-33
-66,-32
-65,-33
-66,-34
-67,-35
-66,-34
-65,-35
-64,-36
-65,-35
-64,-34
-63,-35
-64,-34
-65,-33
-66,-32
-67,-31
-68,-32
-69,-33
-68,-32
-67,-31
-66,-32
-65,-33
-66,-34
-67,-33
-68,-34
-69,-33
-70,-32
-71,-31
-70,-32
-69,-31
-70,-32
-69,-31
-68,-32
-69,-31
-70,-32
-69,-33
-68,-34
-69,-35
-68,-36
-69,-35
-68,-36
-67,-35
-68,-34
-69,-35
-70,-36
-71,-35
-70,-34
-71,-33
-70,-34
-71,-35
-70,-36
-69,-37
-70,-38
-71,-37
-70,-38
-69,-37
-70,-36
-69,-37
-68,-38
-69,-39
-70,-38
-69,-37
-68,-36
-69,-37
-70,-36
-69,-37
-70,-38
-69,-39
-70,-38
-69,-37
-68,-38
-67,-39
-68,-40
-67,-39
-68,-38
-69,-37
-70,-38
-71,-39
-72,-38
-73,-37
-72,-36
-71,-35
-70,-36
-69,-35
-68,-36
-69,-37
-68,-36
-69,-37
-70,-36
-71,-37
-70,-38
-69,-39
-68,-40
-69,-41
-70,-40
-71,-39
-70,-38
-69,-37
-68,-36
-67,-35
-68,-36
-67,-37
-66,-38
-65,-39
-66,-38
-67,-39
-68,-40
-69,-41
-68,-40
-69,-41
-68,-42
-69,-43
-68,-42
-67,-41
-68,-42
-69,-41
-68,-42
-67,-43
-66,-42
-65,-43
-66,-44
-67,-43
-66,-42
-67,-41
-66,-40
-65,-41
-66,-42
-65,-41
-64,-40
-65,-39
-64,-38
-65,-39
-64,-38
-65,-37
-64,-36
-63,-35
-62,-36
-63,-37
-64,-36
-63,-35
-64,-34
-65,-33
-66,-32
-65,-31
-66,-32
-67,-33
-66,-32
-65,-33
-64,-32
-65,-33
-66,-32
-65,-31
-64,-32
-65,-33
-66,-34
-65,-33
-64,-34
-65,-33
-64,-34
-63,-35
-62,-34
-63,-33
-64,-32
-65,-31
-66,-30
-67,-31
-66,-30
-67,-31
-66,-30
-65,-31
-66,-32
-65,-31
-66,-32
-67,-33
-68,-34
-69,-35
-68,-36
-67,-35
-66,-34
-65,-35
-66,-36
-67,-37
-66,-36
-67,-37
-68,-38
-67,-37
-68,-36
-69,-37
-70,-38
-71,-37
-72,-38
-73,-37
-72,-36
-73,-37
-74,-36
-73,-35
-74,-34
-73,-35
-72,-34
-71,-35
-72,-34
-73,-35
-72,-34
-71,-35
-72,-36
-73,-35
-72,-36
-71,-35
-72,-34
-73,-35
-72,-36
-71,-35
-70,-34
-71,-35
-70,-36
-71,-37
-72,-38
-73,-39
-72,-40
-71,-41
-72,-40
-73,-39
-74,-38
-73,-37
-74,-38
-75,-37
-74,-38
-75,-37
-74,-36
-73,-35
-74,-36
-73,-35
-74,-36
-75,-35
-74,-36
-73,-35
-72,-34
-73,-33
-74,-32
-75,-31
-74,-32
-73,-33
-74,-34
-73,-35
-74,-34
-73,-33
-74,-34
-73,-35
-72,-34
-73,-33
-74,-34
-75,-35
-76,-36
-77,-35
-78,-36
-77,-35
-78,-36
-79,-37
-80,-36
-81,-37
-80,-38
-81,-37
-80,-36
-79,-35
-80,-34
-81,-35
-82,-36
-83,-37
-82,-38
-81,-39
-82,-40
-83,-39
-84,-38
-83,-37
-82,-36
-83,-37
-84,-36
-83,-35
-82,-34
-81,-35
-80,-34
-79,-33
-78,-32
-77,-31
-76,-30
-77,-29
-76,-30
-77,-31
-78,-32
-79,-31
-80,-32
-79,-33
-78,-32
-77,-31
-78,-32
-79,-33
-80,-34
-79,-35
-78,-36
-77,-35
-78,-34
-79,-33
-78,-34
-77,-35
-78,-36
-79,-37
-78,-36
-79,-35
-78,-36
-79,-35
-80,-36
-79,-37
-80,-36
-79,-35
-78,-36
-77,-35
-78,-34
-79,-33
-80,-32
-81,-33
-82,-32
-83,-31
-84,-32
-83,-31
-82,-30
-81,-31
-80,-32
-81,-31
-82,-30
-83,-29
-82,-30
-81,-31
-80,-30
-81,-31
-80,-32
-81,-31
-82,-30
-83,-29
-84,-28
-83,-27
-84,-26
-85,-27
-86,-28
-87,-29
-88,-28
-89,-27
-88,-28
-89,-29
-88,-28
-89,-29
-90,-30
-91,-31
-92,-32
-91,-31
-92,-32
-91,-33
-92,-32
-93,-31
-92,-30
-91,-31
-90,-30
-91,-29
-90,-28
-91,-29
-92,-30
-93,-29
-92,-30
-91,-29
-92,-28
-91,-27
-92,-28
-91,-27
-92,-28
-93,-29
-94,-28
-95,-27
-96,-26
-97,-27
-96,-26
-97,-27
-96,-26
-97,-27
-98,-28
-99,-27
-98,-28
-99,-27
-98,-28
-97,-29
-96,-28
-95,-27
-96,-26
-95,-27
-94,-26
-95,-25
-94,-26
-93,-27
-92,-28
-91,-27
-90,-26
-89,-27
-90,-28
-89,-27
-90,-26
-91,-25
-90,-26
-89,-27
-88,-26
-89,-25
-88,-26
-87,-25
-86,-26
-85,-27
-84,-26
-83,-27
-82,-26
-81,-27
-82,-26
-81,-25
-80,-24
-79,-25
-80,-24
-79,-25
-78,-26
-77,-25
-76,-24
-77,-25
-78,-24
-77,-23
-78,-22
-79,-23
-78,-24
-77,-23
-76,-24
-75,-23
-74,-24
-75,-23
-74,-24
-75,-25
-74,-26
-73,-27
-74,-26
-75,-27
-76,-26
-75,-27
-74,-26
-75,-25
-74,-26
-73,-25
-72,-24
-73,-25
-74,-24
-73,-23
-74,-24
-73,-25
-74,-24
-73,-25
-74,-24
-73,-25
-74,-26
-75,-27
-74,-28
-75,-27
-74,-28
-73,-29
-72,-30
-71,-31
-70,-30
-71,-29
-70,-30
-69,-31
-70,-30
-69,-31
-68,-32
-67,-33
-68,-32
-69,-31
-70,-32
-71,-31
-70,-30
-71,-29
-70,-30
-69,-31
-68,-32
-69,-31
-68,-30
-67,-29
-66,-30
-65,-31
-64,-30
-65,-31
-66,-32
-67,-31
-66,-30
-65,-31
-66,-30
-65,-29
-64,-28
-65,-29
-64,-30
-63,-29
-64,-28
-63,-27
-64,-26
-63,-25
-62,-26
-61,-25
-60,-24
-59,-23
-60,-22
-59,-23
-60,-22
-59,-21
-60,-22
-61,-21
-62,-20
-63,-19
-64,-20
-63,-21
-64,-20
-63,-19
-62,-20
-61,-19
-62,-20
-61,-19
-60,-18
-59,-19
-58,-20
-57,-21
-58,-20
-59,-19
-60,-18
-61,-19
-62,-20
-63,-19
-62,-18
-63,-17
-62,-18
-61,-19
-60,-20
-61,-21
-60,-20
-59,-19
-60,-20
-59,-21
-58,-20
-59,-21
-60,-22
-59,-21
-60,-20
-61,-21
-60,-20
-61,-21
-60,-22
-59,-23
-58,-24
-57,-25
-56,-26
-57,-27
-56,-28
-57,-29
-56,-30
-57,-29
-56,-28
-55,-27
-56,-28
-57,-27
-56,-28
-55,-27
-54,-26
-55,-25
-54,-24
-55,-25
-54,-26
-55,-25
-56,-26
-55,-27
-56,-28
-55,-29
-56,-28
-55,-29
-54,-30
-55,-29
-56,-28
-55,-27
-54,-28
-53,-29
-54,-28
-53,-27
-54,-28
-53,-27
-54,-26
-55,-25
-54,-26
-55,-27
-54,-26
-55,-25
-56,-26
-55,-27
-54,-28
-53,-27
-52,-28
-51,-27
-50,-26
-51,-25
-52,-24
-53,-23
-52,-24
-51,-25
-52,-24
-53,-23
-52,-24
-53,-25
-54,-24
-53,-23
-54,-24
-53,-25
-52,-24
-53,-25
-54,-26
-55,-25
-54,-26
-55,-25
-54,-24
-53,-25
-54,-24
-53,-23
-52,-22
-51,-23
-50,-24
-51,-23
-50,-24
-49,-25
-50,-24
-49,-25
-50,-26
-49,-27
-50,-26
-51,-27
-50,-26
-49,-25
-50,-24
-51,-25
-50,-24
-51,-25
-52,-24
-53,-25
-54,-24
-53,-23
-52,-24
-51,-25
-52,-24
-53,-25
-54,-26
-55,-25
-54,-26
-55,-27
-56,-28
-55,-27
-54,-28
-53,-27
-54,-28
-55,-29
-56,-30
-55,-31
-54,-30
-55,-31
-54,-32
-53,-33
-52,-32
-51,-31
-52,-32
-53,-33
-54,-34
-53,-33
-54,-34
-53,-33
-52,-34
-51,-33
-52,-34
-51,-33
-52,-34
-51,-33
-52,-32
-51,-31
-52,-30
-51,-31
-50,-30
-51,-29
-52,-30
-51,-31
-52,-30
-53,-31
-52,-30
-51,-31
-52,-32
-51,-33
-52,-32
-53,-33
-52,-32
-51,-33
-50,-34
-51,-35
-50,-36
-51,-37
-52,-38
-51,-37
-52,-36
-53,-35
-52,-34
-53,-33
-54,-34
-53,-33
-54,-34
-55,-35
-56,-34
-57,-33
-58,-32
-57,-33
-56,-32
-55,-33
-54,-34
-55,-33
-54,-32
-55,-31
-56,-32
-57,-33
-58,-34
-59,-35
-58,-34
-57,-33
-56,-34
-55,-35
-54,-34
-53,-33
-54,-32
-53,-31
-54,-30
-53,-31
-54,-30
-53,-31
-54,-32
-55,-31
-56,-32
-55,-31
-56,-30
-55,-29
-54,-28
-55,-29
-54,-30
-55,-29
-54,-28
-55,-29
-56,-30
-57,-31
-56,-30
-57,-31
-56,-30
-55,-29
-54,-30
-55,-29
-56,-30
-57,-29
-56,-30
-55,-29
-56,-30
-57,-29
-58,-30
-59,-31
-60,-32
-61,-31
-62,-32
-63,-33
-64,-34
-65,-33
-66,-32
-65,-33
-64,-34
-63,-35
-62,-36
-63,-37
-64,-38
-65,-37
-66,-36
-65,-35
-66,-36
-65,-35
-64,-36
-65,-37
-64,-38
-65,-37
-64,-38
-65,-37
-64,-36
-63,-35
-62,-34
-63,-35
-64,-34
-65,-35
-66,-34
-67,-35
-68,-34
-67,-35
-66,-34
-65,-33
-64,-34
-63,-33
-64,-32
-65,-33
-64,-34
-63,-35
-62,-36
-61,-37
-60,-36
-59,-37
-60,-38
-61,-39
-62,-40
-63,-41
-62,-40
-61,-39
-60,-38
-59,-39
-60,-40
-61,-41
-62,-40
-61,-39
-60,-38
-61,-37
-60,-36
-59,-37
-58,-38
-57,-39
-56,-38
-57,-39
-58,-40
-57,-41
-56,-40
-57,-41
-56,-40
-55,-39
-54,-38
-53,-37
-54,-36
-53,-37
-52,-38
-51,-39
-52,-38
-51,-37
-50,-36
-51,-35
-50,-34
-51,-35
-52,-36
-53,-35
-54,-36
-55,-35
-56,-34
-55,-33
-56,-34
-55,-35
-56,-34
-57,-33
-56,-32
-57,-31
-58,-32
-57,-31
-56,-30
-57,-31
-56,-32
-57,-31
-56,-30
-55,-29
-56,-28
-57,-29
-56,-30
-55,-31
-54,-30
-53,-31
-54,-32
-53,-33
-54,-32
-53,-33
-52,-32
-51,-31
-50,-30
-51,-29
-52,-30
-53,-29
-54,-30
-53,-29
-54,-30
-55,-31
-56,-32
-57,-31
-58,-30
-59,-31
-60,-30
-59,-31
-60,-32
-61,-33
-60,-32
-61,-33
-62,-34
-61,-33
-62,-32
-61,-31
-62,-30
-61,-31
-62,-30
-61,-29
-60,-28
-59,-27
-58,-28
-59,-27
-58,-26
-59,-27
-58,-28
-57,-27
-58,-26
-59,-25
-58,-24
-57,-25
-56,-26
-57,-27
-56,-26
-55,-25
-56,-26
-55,-25
-56,-24
-55,-23
-56,-22
-57,-21
-56,-20
-57,-19
-56,-18
-55,-17
-56,-18
-57,-17
-56,-16
-57,-17
-56,-16
-55,-17
-54,-18
-55,-17
-54,-18
-53,-17
-52,-16
-53,-17
-54,-18
-53,-17
-54,-18
-53,-19
-52,-20
-51,-21
-50,-22
-49,-23
-50,-24
-49,-25
-48,-24
-49,-23
-48,-22
-47,-21
-46,-22
-47,-21
-46,-20
-47,-19
-48,-20
-49,-19
-50,-20
-49,-21
-50,-22
-49,-23
-48,-22
-49,-21
-50,-22
-51,-21
-52,-22
-53,-21
-54,-20
-53,-21
-54,-22
-53,-21
-54,-20
-53,-19
-52,-20
-53,-21
-54,-20
-55,-21
-56,-20
-55,-21
-54,-20
-53,-21
-54,-22
-55,-21
-54,-20
-53,-21
-52,-20
-53,-21
-52,-20
-51,-19
-52,-18
-51,-17
-50,-18
-51,-17
-50,-18
-51,-19
-50,-20
-49,-21
-48,-22
-47,-23
-48,-22
-49,-23
-48,-24
-47,-25
-48,-26
-49,-25
-50,-26
-51,-27
-52,-26
-51,-27
-50,-28
-51,-29
-52,-28
-53,-29
-54,-28
-53,-29
-54,-28
-53,-29
-54,-30
-53,-31
-54,-32
-55,-31
-56,-32
-57,-33
-56,-34
-57,-33
-58,-32
-57,-33
-58,-34
-59,-35
-60,-34
-59,-35
-58,-36
-57,-37
-56,-38
-55,-39
-54,-38
-53,-39
-52,-38
-51,-39
-52,-40
-51,-41
-50,-42
-49,-43
-48,-42
-47,-41
-46,-42
-45,-41
-44,-42
-45,-41
-44,-42
-45,-43
-46,-42
-47,-43
-48,-44
-47,-45
-48,-44
-49,-45
-48,-44
-47,-45
-48,-44
-49,-45
-48,-46
-49,-47
-48,-46
-47,-45
-48,-44
-47,-45
-46,-46
-47,-45
-48,-46
-49,-45
-48,-46
-47,-45
-46,-46
-45,-45
-46,-46
-45,-47
-46,-48
-45,-49
-46,-48
-47,-47
-48,-46
-49,-47
-48,-46
-47,-47
-46,-48
-47,-49
-46,-50
-45,-51
-46,-52
-45,-51
-46,-50
-45,-51
-46,-50
-47,-49
-46,-50
-45,-51
-46,-52
-45,-53
-44,-52
-45,-51
-44,-52
-45,-51
-44,-50
-45,-51
-44,-52
-45,-53
-44,-54
-43,-53
-42,-52
-43,-53
-42,-54
-43,-55
-44,-54
-43,-53
-42,-54
-43,-53
-44,-54
-45,-55
-46,-54
-45,-55
-46,-56
-45,-57
-44,-58
-43,-57
-42,-58
-43,-57
-42,-56
-43,-55
-42,-54
-41,-55
-42,-56
-41,-57
-40,-58
-41,-57
-42,-56
-41,-55
-42,-54
-41,-53
-42,-52
-41,-51
-42,-52
-41,-53
-40,-54
-41,-53
-42,-54
-41,-55
-40,-54
-41,-53
-42,-52
-43,-51
-44,-52
-45,-51
-44,-50
-45,-51
-46,-52
-45,-51
-46,-52
-45,-51
-44,-52
-45,-51
-46,-52
-47,-51
-46,-52
-45,-53
-46,-54
-45,-55
-46,-56
-47,-57
-46,-58
-47,-57
-46,-58
-45,-57
-46,-56
-47,-55
-46,-56
-45,-55
-44,-56
-45,-55
-44,-54
-45,-53
-44,-54
-45,-53
-44,-52
-45,-51
-46,-52
-47,-53
-46,-54
-47,-53
-46,-52
-45,-51
-46,-50
-45,-51
-44,-50
-43,-49
-44,-50
-43,-51
-44,-52
-45,-51
-46,-50
-47,-49
-48,-50
-47,-51
-46,-52
-45,-53
-44,-52
-43,-51
-42,-50
-43,-49
-44,-50
-43,-51
-44,-52
-45,-51
-44,-50
-43,-51
-44,-50
-45,-49
-44,-48
-43,-49
-42,-50
-41,-51
-40,-50
-39,-49
-38,-50
-39,-49
-38,-48
-39,-47
-38,-46
-39,-45
-38,-44
-37,-45
-38,-46
-37,-45
-36,-44
-35,-45
-36,-44
-37,-45
-38,-44
-37,-45
-38,-46
-39,-47
-40,-46
-39,-47
-38,-46
-37,-47
-38,-48
-39,-49
-40,-48
-41,-49
-42,-48
-41,-47
-42,-48
-43,-49
-44,-50
-43,-49
-44,-50
-45,-51
-44,-52
-45,-51
-44,-52
-45,-53
-46,-52
-45,-51
-46,-50
-45,-49
-44,-50
-43,-49
-42,-50
-43,-49
-44,-50
-45,-51
-46,-50
-45,-49
-44,-48
-43,-47
-42,-48
-43,-47
-42,-46
-43,-45
-42,-44
-43,-45
-44,-46
-45,-45
-46,-46
-47,-45
-48,-44
-47,-43
-46,-44
-47,-45
-46,-46
-47,-45
-46,-44
-45,-43
-44,-42
-43,-41
-44,-40
-45,-39
-46,-38
-45,-37
-46,-38
-45,-39
-44,-40
-45,-41
-44,-40
-45,-41
-44,-42
-45,-43
-46,-44
-47,-45
-46,-46
-47,-45
-48,-44
-49,-45
-50,-46
-49,-45
-50,-46
-51,-47
-50,-46
-51,-47
-50,-46
-51,-47
-52,-46
-53,-47
-52,-48
-51,-49
-50,-50
-51,-49
-50,-48
-51,-49
-50,-48
-49,-47
-48,-46
-49,-47
-48,-48
-47,-47
-46,-48
-47,-49
-46,-48
-45,-47
-46,-48
-47,-49
-46,-50
-47,-51
-48,-50
-47,-49
-46,-48
-45,-47
-46,-48
-47,-47
-46,-48
-47,-47
-48,-46
-49,-47
-48,-48
-49,-49
-50,-50
-49,-49
-48,-50
-47,-49
-48,-48
-49,-49
-50,-50
-51,-49
-50,-48
-49,-47
-50,-46
-51,-47
-50,-46
-49,-47
-50,-48
-49,-47
-48,-46
-49,-47
-48,-46
-47,-45
-46,-46
-47,-45
-46,-44
-47,-45
-46,-44
-45,-43
-46,-44
-47,-45
-46,-44
-45,-43
-44,-42
-43,-43
-44,-44
-45,-45
-46,-44
-47,-43
-46,-42
-45,-43
-46,-44
-45,-43
-46,-42
-45,-43
-44,-42
-43,-41
-42,-42
-41,-43
-40,-44
-39,-45
-40,-46
-41,-45
-42,-46
-41,-47
-42,-46
-43,-45
-42,-46
-41,-47
-40,-46
-39,-45
-40,-44
-39,-45
-38,-44
-37,-45
-38,-44
-39,-43
-40,-42
-41,-43
-40,-42
-41,-41
-42,-42
-43,-43
-42,-44
-43,-45
-42,-44
-43,-43
-44,-44
-45,-45
-44,-46
-45,-47
-46,-46
-47,-47
-48,-46
-49,-47
-50,-46
-51,-47
-52,-46
-53,-45
-52,-46
-53,-45
-54,-46
-53,-45
-54,-46
-53,-45
-52,-44
-53,-43
-54,-42
-55,-43
-56,-44
-57,-45
-56,-46
-57,-47
-56,-46
-55,-47
-54,-48
-53,-47
-54,-48
-55,-49
-56,-50
-57,-51
-58,-50
-59,-51
-60,-52
-59,-51
-60,-52
-61,-53
-60,-52
-59,-51
-58,-50
-57,-49
-56,-48
-57,-47
-58,-46
-59,-45
-60,-44
-61,-45
-62,-44
-61,-45
-60,-44
-61,-45
-60,-44
-59,-43
-60,-42
-59,-43
-60,-42
-59,-43
-58,-44
-57,-43
-58,-42
-57,-43
-58,-44
-59,-45
-58,-44
-59,-45
-58,-44
-57,-43
-56,-44
-55,-43
-54,-44
-53,-43
-54,-42
-55,-43
-56,-42
-55,-41
-56,-42
-57,-41
-58,-42
-57,-41
-56,-42
-55,-43
-54,-42
-55,-43
-56,-42
-57,-41
-56,-40
-55,-39
-54,-40
-53,-41
-52,-40
-53,-41
-52,-40
-51,-41
-52,-40
-51,-39
-50,-38
-51,-37
-50,-36
-51,-37
-50,-38
-51,-39
-50,-38
-49,-37
-50,-38
-49,-37
-50,-36
-49,-37
-48,-38
-49,-37
-50,-38
-51,-39
-52,-38
-51,-37
-50,-38
-51,-39
-52,-38
-53,-39
-54,-38
-55,-37
-56,-36
-55,-35
-56,-34
-57,-35
-58,-34
-57,-35
-56,-36
-57,-35
-56,-36
-55,-35
-54,-34
-53,-33
-54,-34
-55,-35
-56,-34
-57,-35
-58,-34
-57,-33
-58,-32
-59,-33
-58,-32
-59,-31
-60,-32
-61,-31
-62,-32
-61,-31
-60,-32
-59,-33
-60,-34
-59,-35
-58,-34
-57,-35
-58,-34
-57,-33
-58,-32
-57,-31
-58,-30
-59,-31
-60,-30
-61,-29
-60,-30
-61,-29
-62,-28
-61,-27
-62,-28
-61,-27
-62,-26
-63,-27
-62,-26
-63,-27
-62,-28
-61,-29
-60,-30
-61,-31
-60,-30
-61,-29
-62,-30
-63,-31
-62,-30
-61,-29
-62,-28
-61,-27
-60,-28
-59,-29
-60,-28
-59,-29
-58,-28
-57,-27
-56,-28
-55,-29
-54,-30
-53,-29
-52,-30
-53,-29
-54,-28
-53,-27
-52,-26
-53,-25
-52,-26
-51,-27
-50,-26
-51,-27
-50,-26
-49,-27
-48,-26
-49,-27
-50,-28
-51,-29
-50,-30
-51,-29
-50,-28
-51,-29
-50,-30
-51,-29
-50,-30
-51,-31
-50,-32
-49,-33
-48,-34
-47,-33
-46,-32
-47,-31
-48,-30
-47,-29
-48,-28
-47,-29
-46,-28
-47,-27
-46,-28
-45,-29
-46,-30
-47,-29
-46,-30
-45,-29
-46,-30
-47,-31
-46,-32
-47,-33
-48,-34
-49,-33
-48,-32
-49,-33
-50,-32
-51,-31
-50,-30
-49,-29
-50,-30
-51,-29
-50,-28
-51,-29
-50,-30
-49,-29
-48,-28
-47,-29
-46,-30
-47,-29
-46,-28
-47,-29
-46,-28
-45,-29
-44,-30
-45,-29
-46,-28
-45,-27
-44,-26
-45,-27
-44,-28
-45,-29
-44,-30
-45,-31
-46,-30
-47,-29
-48,-30
-49,-31
-50,-32
-49,-33
-48,-32
-49,-33
-50,-32
-51,-33
-50,-32
-49,-33
-50,-32
-51,-33
-52,-34
-53,-33
-54,-32
-53,-33
-54,-32
-53,-31
-52,-32
-51,-31
-52,-32
-53,-33
-52,-32
-51,-31
-50,-30
-51,-29
-50,-30
-49,-29
-50,-28
-49,-27
-48,-28
-47,-27
-46,-28
-47,-27
-46,-28
-47,-29
-46,-30
-45,-29
-44,-28
-45,-29
-44,-30
-45,-31
-44,-32
-43,-31
-42,-30
-43,-31
-42,-30
-41,-31
-42,-30
-43,-31
-42,-32
-41,-31
-40,-32
-41,-33
-40,-32
-41,-33
-42,-32
-43,-33
-44,-34
-45,-33
-46,-32
-45,-33
-44,-32
-43,-33
-42,-34
-43,-35
-44,-36
-45,-35
-46,-36
-45,-37
-44,-38
-43,-39
-44,-40
-45,-41
-46,-42
-45,-43
-46,-44
-45,-45
-46,-44
-47,-43
-48,-42
-49,-41
-50,-42
-49,-41
-48,-40
-47,-41
-46,-40
-47,-41
-48,-40
-47,-41
-48,-42
-47,-43
-46,-42
-47,-43
-46,-44
-45,-43
-46,-42
-47,-41
-48,-40
-47,-41
-46,-40
-45,-39
-46,-40
-45,-41
-46,-40
-45,-39
-46,-38
-47,-37
-48,-38
-47,-39
-46,-38
-45,-37
-46,-36
-45,-37
-44,-38
-43,-37
-44,-36
-45,-35
-44,-34
-43,-33
-42,-34
-43,-35
-44,-34
-43,-35
-42,-34
-43,-33
-42,-32
-43,-33
-44,-34
-45,-33
-44,-34
-43,-33
-44,-34
-43,-33
-44,-34
-45,-33
-44,-32
-43,-31
-42,-30
-43,-29
-42,-28
-41,-29
-42,-28
-43,-29
-42,-30
-43,-31
-42,-32
-41,-31
-42,-30
-43,-29
-42,-28
-41,-27
-40,-26
-39,-27
-38,-28
-37,-27
-38,-26
-37,-25
-36,-26
-35,-27
-36,-26
-35,-27
-36,-28
-37,-29
-36,-28
-35,-29
-36,-28
-37,-29
-38,-28
-37,-29
-36,-30
-37,-31
-36,-32
-37,-33
-38,-32
-37,-31
-36,-32
-35,-33
-34,-32
-35,-31
-34,-30
-35,-29
-36,-28
-35,-29
-34,-30
-35,-31
-34,-30
-33,-29
-34,-28
-35,-29
-36,-30
-37,-29
-36,-30
-37,-31
-36,-32
-37,-33
-36,-34
-37,-33
-38,-34
-37,-33
-36,-32
-37,-31
-38,-32
-37,-33
-38,-34
-37,-33
-36,-32
-35,-33
-34,-32
-35,-33
-34,-34
-33,-33
-34,-32
-35,-31
-36,-30
-35,-29
-36,-30
-37,-29
-38,-30
-37,-31
-36,-32
-35,-31
-36,-32
-37,-31
-36,-32
-37,-31
-36,-30
-37,-31
-38,-30
-37,-29
-38,-28
-39,-27
-38,-28
-39,-29
-40,-30
-41,-29
-42,-28
-41,-27
-42,-28
-43,-27
-42,-28
-43,-29
-44,-30
-43,-29
-44,-30
-43,-31
-42,-30
-41,-29
-42,-28
-41,-29
-42,-30
-43,-29
-44,-28
-43,-29
-42,-30
-41,-31
-42,-30
-41,-31
-42,-30
-41,-29
-42,-28
-41,-27
-42,-28
-41,-27
-40,-26
-41,-27
-40,-28
-39,-27
-38,-28
-39,-27
-38,-26
-39,-27
-40,-26
-39,-27
-40,-26
-41,-27
-40,-26
-39,-25
-38,-24
-39,-25
-40,-26
-41,-25
-40,-24
-41,-23
-40,-24
-41,-25
-42,-26
-41,-27
-40,-28
-41,-29
-42,-28
-43,-27
-42,-26
-43,-27
-44,-26
-45,-27
-44,-28
-43,-27
-44,-26
-43,-27
-44,-28
-43,-27
-44,-26
-43,-27
-42,-28
-41,-29
-42,-30
-41,-31
-42,-32
-43,-31
-42,-30
-41,-29
-40,-30
-41,-29
-42,-28
-43,-29
-44,-28
-45,-29
-44,-30
-43,-31
-42,-30
-43,-31
-44,-32
-43,-33
-44,-34
-43,-33
-42,-32
-43,-33
-44,-34
-43,-35
-44,-36
-45,-37
-46,-36
-47,-35
-46,-36
-45,-35
-46,-34
-45,-35
-44,-36
-43,-37
-42,-38
-43,-37
-42,-36
-43,-37
-42,-38
-43,-39
-44,-38
-43,-39
-44,-38
-43,-37
-42,-38
-41,-37
-40,-38
-39,-39
-40,-38
-39,-39
-40,-38
-39,-37
-38,-36
-39,-37
-38,-36
-39,-37
-38,-38
-37,-37
-36,-36
-35,-37
-34,-38
-33,-39
-34,-38
-33,-37
-34,-38
-33,-39
-32,-40
-31,-39
-30,-40
-29,-39
-30,-40
-31,-39
-32,-40
-33,-39
-32,-38
-31,-37
-30,-38
-31,-37
-32,-38
-31,-37
-30,-38
-31,-39
-30,-40
-31,-39
-32,-38
-33,-37
-32,-36
-31,-35
-30,-34
-29,-33
-28,-32
-29,-33
-30,-32
-29,-31
-28,-30
-27,-29
-26,-28
-27,-29
-28,-30
-27,-29
-26,-28
-25,-29
-24,-28
-25,-27
-26,-28
-25,-27
-24,-28
-23,-29
-24,-30
-25,-31
-26,-32
-27,-31
-28,-30
-29,-29
-28,-28
-29,-27
-28,-28
-29,-27
-28,-28
-27,-29
-28,-28
-29,-29
-30,-30
-31,-31
-32,-32
-33,-31
-32,-30
-33,-29
-34,-28
-35,-29
-36,-28
-37,-27
-36,-26
-37,-25
-36,-24
-35,-25
-34,-26
-35,-25
-34,-24
-33,-23
-32,-22
-33,-21
-32,-20
-31,-19
-30,-18
-29,-17
-28,-16
-27,-15
-26,-16
-25,-15
-24,-14
-23,-15
-22,-14
-21,-15
-20,-16
-21,-15
-20,-14
-19,-15
-20,-14
-19,-15
-18,-14
-19,-13
-20,-14
-19,-15
-18,-16
-17,-17
-18,-16
-17,-17
-18,-16
-19,-17
-20,-18
-21,-17
-22,-16
-21,-17
-20,-18
-21,-17
-20,-16
-19,-17
-18,-16
-19,-17
-20,-16
-19,-15
-18,-14
-19,-15
-20,-14
-21,-13
-20,-12
-19,-13
-18,-14
-19,-13
-20,-14
-21,-13
-22,-12
-21,-13
-20,-12
-21,-11
-20,-12
-19,-11
-18,-10
-19,-11
-18,-10
-19,-11
-18,-12
-19,-11
-20,-10
-19,-9
-20,-10
-19,-9
-20,-10
-19,-11
-20,-12
-19,-11
-18,-10
-17,-11
-18,-12
-19,-13
-20,-14
-21,-15
-22,-16
-21,-17
-20,-18
-19,-17
-20,-18
-21,-19
-22,-20
-21,-21
-22,-22
-21,-23
-20,-22
-19,-21
-18,-22
-17,-23
-18,-22
-17,-21
-18,-20
-17,-19
-18,-18
-19,-19
-20,-18
-19,-19
-20,-18
-21,-19
-20,-18
-19,-17
-18,-18
-19,-17
-20,-18
-19,-19
-20,-20
-21,-21
-20,-22
-19,-23
-20,-24
-21,-23
-20,-22
-21,-21
-20,-20
-21,-21
-20,-20
-21,-19
-20,-20
-19,-21
-18,-22
-17,-23
-18,-22
-17,-23
-18,-24
-17,-23
-16,-22
-17,-23
-18,-24
-17,-25
-18,-24
-17,-25
-16,-26
-15,-27
-14,-28
-13,-29
-12,-30
-13,-31
-12,-32
-13,-33
-12,-32
-11,-33
-10,-34
-9,-35
-8,-34
-7,-33
-8,-34
-7,-33
-6,-32
-7,-33
-8,-32
-7,-33
-6,-32
-7,-31
-6,-30
-7,-31
-8,-30
-9,-29
-10,-30
-11,-29
-10,-30
-11,-31
-12,-30
-11,-29
-12,-30
-13,-31
-14,-32
-15,-33
-14,-32
-13,-33
-14,-34
-13,-35
-14,-36
-15,-37
-16,-36
-17,-35
-18,-36
-17,-35
-18,-36
-19,-35
-20,-34
-21,-33
-22,-32
-23,-33
-22,-34
-23,-35
-24,-36
-25,-37
-24,-36
-25,-35
-24,-36
-23,-35
-24,-34
-23,-35
-24,-36
-23,-35
-22,-34
-23,-33
-22,-32
-23,-31
-24,-32
-23,-31
-24,-32
-25,-31
-24,-30
-25,-29
-26,-30
-27,-31
-28,-32
-29,-31
-30,-32
-31,-31
-30,-30
-31,-29
-30,-28
-29,-27
-30,-28
-29,-27
-30,-28
-29,-27
-30,-28
-31,-27
-32,-26
-33,-25
-34,-24
-35,-23
-36,-22
-35,-23
-36,-24
-37,-25
-38,-26
-39,-27
-40,-26
-39,-27
-40,-28
-41,-27
-42,-28
-43,-27
-42,-26
-43,-25
-44,-24
-43,-25
-42,-24
-43,-23
-44,-24
-43,-25
-42,-26
-43,-25
-44,-26
-43,-27
-42,-28
-41,-27
-42,-28
-41,-27
-40,-28
-41,-27
-40,-26
-39,-25
-38,-26
-39,-25
-38,-24
-39,-23
-40,-22
-41,-21
-40,-20
-41,-19
-40,-20
-39,-21
-38,-20
-39,-19
-40,-18
-39,-19
-40,-18
-41,-17
-40,-18
-39,-19
-38,-20
-37,-21
-36,-20
-37,-19
-36,-18
-35,-17
-34,-16
-35,-15
-36,-14
-37,-13
-36,-14
-35,-13
-36,-14
-35,-15
-36,-16
-37,-15
-38,-14
-37,-15
-38,-14
-39,-13
-38,-14
-37,-13
-38,-12
-37,-11
-38,-10
-37,-11
-38,-12
-37,-11
-36,-10
-37,-9
-38,-10
-39,-9
-38,-8
-37,-9
-38,-8
-37,-9
-38,-8
-39,-9
-40,-8
-39,-7
-38,-6
-39,-7
-38,-6
-37,-5
-36,-6
-35,-7
-36,-6
-37,-7
-38,-8
-39,-9
-40,-10
-41,-9
-42,-8
-43,-7
-42,-8
-43,-9
-44,-8
-45,-9
-46,-10
-45,-9
-44,-8
-43,-7
-44,-8
-43,-9
-42,-8
-43,-9
-44,-10
-45,-9
-46,-8
-45,-9
-44,-10
-45,-9
-46,-8
-47,-9
-48,-8
-47,-9
-46,-10
-45,-11
-44,-12
-45,-13
-46,-12
-45,-13
-44,-12
-43,-13
-42,-12
-43,-13
-42,-12
-43,-11
-42,-12
-43,-11
-42,-12
-43,-11
-44,-12
-45,-13
-44,-14
-45,-13
-46,-14
-47,-13
-46,-14
-45,-13
-46,-14
-45,-13
-46,-12
-47,-13
-46,-12
-45,-11
-44,-10
-43,-11
-44,-10
-45,-9
-44,-8
-45,-7
-46,-8
-45,-9
-44,-10
-43,-11
-42,-10
-41,-11
-40,-10
-39,-9
-40,-8
-41,-9
-42,-8
-41,-9
-42,-8
-43,-7
-44,-6
-43,-5
-44,-4
-45,-3
-44,-4
-43,-5
-42,-6
-41,-5
-40,-6
-39,-7
-40,-8
-39,-7
-40,-6
-41,-5
-40,-4
-39,-3
-38,-2
-39,-3
-40,-2
-39,-3
-40,-2
-39,-1
-40,-2
-39,-1
-40,-2
-39,-3
-40,-4
-41,-5
-40,-4
-39,-5
-40,-4
-39,-3
-40,-2
-39,-1
-38,0
-39,1
-38,2
-39,3
-38,2
-39,3
-40,2
-39,1
-40,2
-41,3
-40,4
-39,5
-40,6
-39,5
-40,6
-41,5
-42,4
-41,5
-42,4
-41,5
-42,4
-43,5
-44,4
-43,3
-44,4
-43,5
-42,4
-43,3
-42,2
-43,1
-44,0
-43,-1
-42,-2
-41,-3
-40,-4
-41,-5
-40,-6
-39,-5
-40,-6
-41,-7
-42,-8
-43,-7
-44,-8
-45,-7
-46,-8
-47,-9
-46,-10
-45,-9
-46,-10
-45,-11
-46,-12
-45,-11
-44,-12
-45,-11
-44,-10
-43,-9
-44,-10
-45,-9
-46,-8
-45,-7
-46,-6
-45,-5
-46,-4
-47,-3
-48,-4
-49,-3
-50,-2
-49,-1
-48,0
-47,-1
-46,0
-47,1
-48,0
-47,-1
-46,-2
-45,-1
-46,-2
-45,-1
-44,0
-43,-1
-44,-2
-43,-3
-44,-2
-43,-1
-42,-2
-43,-1
-42,0
-43,-1
-42,-2
-43,-3
-42,-4
-43,-5
-42,-4
-41,-5
-40,-4
-39,-3
-38,-2
-37,-3
-38,-4
-37,-3
-38,-2
-37,-3
-36,-4
-35,-3
-34,-2
-33,-1
-32,-2
-31,-1
-32,0
-33,1
-34,2
-35,1
-36,2
-37,3
-36,2
-35,3
-34,2
-35,1
-34,0
-33,1
-34,2
-35,1
-36,0
-37,-1
-38,0
-37,-1
-38,-2
-39,-3
-40,-2
-41,-1
-40,0
-41,1
-40,0
-39,-1
-38,-2
-37,-3
-36,-4
-37,-5
-36,-6
-35,-5
-34,-4
-35,-5
-36,-6
-35,-7
-34,-6
-35,-5
-36,-6
-37,-5
-36,-6
-35,-7
-34,-6
-33,-7
-32,-8
-33,-9
-32,-10
-33,-9
-34,-10
-33,-9
-34,-10
-33,-9
-32,-10
-31,-11
-32,-10
-31,-9
-30,-8
-29,-7
-28,-8
-29,-9
-30,-8
-31,-7
-30,-8
-29,-9
-30,-10
-29,-9
-28,-8
-29,-7
-30,-8
-29,-9
-30,-10
-29,-9
-28,-8
-27,-9
-26,-8
-25,-7
-26,-6
-27,-7
-26,-6
-27,-5
-28,-4
-29,-5
-28,-6
-27,-7
-28,-6
-27,-5
-26,-6
-25,-7
-26,-6
-25,-5
-24,-4
-25,-5
-24,-4
-25,-3
-26,-4
-25,-5
-24,-4
-25,-5
-26,-4
-25,-5
-26,-4
-25,-3
-24,-4
-23,-3
-24,-4
-25,-3
-26,-4
-27,-3
-28,-4
-29,-5
-30,-6
-29,-7
-28,-6
-27,-7
-28,-6
-29,-5
-30,-6
-31,-7
-32,-6
-31,-7
-30,-8
-29,-7
-28,-6
-27,-7
-28,-8
-29,-7
-28,-6
-29,-7
-28,-8
-27,-9
-26,-8
-25,-7
-26,-8
-25,-9
-24,-10
-25,-9
-26,-8
-25,-9
-26,-10
-27,-9
-28,-10
-27,-9
-26,-10
-25,-9
-26,-10
-25,-11
-24,-12
-23,-13
-24,-12
-25,-11
-26,-10
-27,-11
-28,-12
-29,-13
-28,-14
-29,-15
-30,-16
-29,-15
-28,-14
-27,-15
-28,-14
-29,-15
-28,-14
-27,-13
-28,-12
-29,-11
-28,-10
-29,-9
-30,-10
-29,-11
-30,-10
-29,-9
-28,-8
-27,-9
-28,-8
-29,-7
-28,-8
-27,-7
-26,-8
-25,-9
-26,-8
-27,-9
-28,-10
-29,-9
-30,-10
-29,-9
-30,-8
-29,-7
-28,-8
-29,-7
-28,-8
-29,-7
-30,-6
-31,-7
-32,-8
-31,-9
-30,-8
-29,-9
-28,-8
-27,-7
-28,-6
-27,-7
-26,-8
-25,-7
